Response ID,Start Date,End Date,Response Type,IP Address,Finished,Distribution Channel,User Language,QYes_Consent,Q2_Age,Q3_EDU_STATUS,Q4_TV,Q4_CRTN,Q4_CMC,Q4_VGM,Q4_MOV,Q4_BKS,Q4_OTR,Q5_TV_RNK,Q5_CRTN_RNK,Q5_CMC_RNK,Q5_VGM_RNK,Q5_MOV_RNK,Q5_BKS_RNK,Q5_OTR_RNK,Q6_FRMT,Q6_EMOT,Q6_INTL,Q6_IMAG,Q6_NOST,Q6_ACSS,Q6_INTR,Q6_VARI,Q6_VISU,Q6_STRY,Q7_FAV_IP,,,,,,,,,,,,,,,,,,,,,,,,,,,,q8,,,,,,,,,q8,Q9_IP_AGE,Q9_IP-AGE_Yes,Q9_IP-AGE_2-5,Q9_IP-AGE_5+,Q9_IP-AGE_NOST,QYesNo_BUYER,QYesYes_BUY_CLTH,QYesYes_BUY_FIGS,QYesYes_BUY_VDGM,QYesYes_BUY_CMCS,QYesYes_BUY_HMDC,QYesYes_BUY_TOYS,QYesYes_BUY_TCGS,QYesYes_BUY_MKUP,QYesYes_BUY_NONE,QYes2_INFL_BUY,,,,,,,,,,,QYes3_PROM,,,QYes7_CLTR_INTV,QYes7_CLTR_ACTV,QYes7_CLTR_CSAL,QYes7_CLTR_NONE,QYes8_CLCT_COIN,QYes8_CLCT_ART,QYes8_CLCT_VNTG,QYes8_CLCT_TOYS,QYes8_CLCT_BOOK,QYes8_CLCT_SPRT,QYes8_CLCT_MUSK,QYes8_CLCT_TCGS,QYes8_CLCT_DVDS,QYes8_CLCT_DGTL,QYes8_CLCT_OTHR,QYes9_MOT_OTHR,QYes9_MOT_PEER,QYes9_MOT_SATIS,QYes9_MOT_CMPT,QYes9_MOT_HIST,QYes9_MOT_AEST,QYes9_MOT_SCAL,QYes9_MOT_PSON,QYes9_MOT_INVR,QYes9_MOT_NOST,Q20-WhereBuy-,,,,,,,,Q2Yes_FRQNT_Yes,Q2Yes_FRQNT_2,Q2Yes_FRQNT_3,Q22_VALUE-,Q22_VAL_RART,Q22_VAL_PRCE,Q22_VAL_EMOT,Q22_VAL_RSLE,Q22_VAL_RECO,Q22_VAL_RCGN,Q22_VAL_OTHR,Q23_STS-Q7_ACTV,Q23_STS-Q7_CSAL,Q23_STS-Q7_INCT,Q23_STS-Q7_NONE,Q24_SEE-AS-COLTR,Q25-GENDER,Q26_EMPLYMNT,Q27_STS_CVL,Q27_STS_HME,Q27_STS_PRNT,COLLECTOR
Response ID,Start Date,End Date,Response Type,IP Address,Finished,Distribution Channel,User Language,QYes_Consent,Q2-Age Group,Which of the following best describes your current education status?,Q4-TV shows/ Streaming services,Q4-Cartoons/Anime,Q4-Comic books ,Q4-Video games ,Q4-Movie theatres,Q4-Books,Q4-Other (please specify):,Q5-RANK- TV shows/ Streaming services,Q5-RANK- Cartoons/Anime,Q5-RANK- Comic books ,Q5-RANK- Video games ,Q5-RANK- Movie theatres,Q5-RANK- Books ,"Among the options you've selected, please rank them in order of preference. (Yes being the most favorite, 2 being the second most favorite, and so on) - Q5-RANK- specify):",Q6-Format preferences ,Q6-Emotional connection ,Q6-Intellectual stimulation ,Q6-Imagination and creativity ,Q6-Nostalgia,Q6-Access to it ,Q6-Interactivity,Q6-Variety of topics and content ,Q6-Visual appeal ,Q6-Deeper storytelling ,Q7-Favorite IP,Q7-IP-Release date,Q7-Type of IP,Type of IP-Drama,Type of IP-Sci-Fi,Type of IP-Adventure,Type of IP-Action,Type of IP-Comedy,Type of IP-War,Type of IP-Superhero,Type of IP-Fantasy,Type of IP-Animation,Type of IP-Reality,Type of IP-Cooking,Type of IP-Historical,Type of IP-Social,Type of IP-Military,Type of IP-Crime,Type of IP-Mystery,Type of IP-Non-Fiction,Type of IP-Horror,Type of IP-Thriller,Type of IP-Platformer,Type of IP-Children's Literature,Type of IP-Mecha,Type of IP-Romance,Type of IP-Battle Royale,Type of IP-Crime,Q8-WhyIP-Other (please specify): ,"Q8-WhyIP-Brings joy or humor, makes me happy ",Q8-WhyIP-Nostalgia,Q8-WhyIP-High-quality writing ,Q8-WhyIP-Impactful messages or themes ,Q8-WhyIP-Memorable moments or scenes ,Q8-WhyIP-Immersive gameplay (for video games) ,Stunning visual or graphic design ,Q8-WhyIP-Relatable characters ,Q8-WhyIP-Engaging storyline or plot ,Q9-IP_AGE, Q9_IP-AGE_Recent (Released in the past year) ,Q9_IP-AGE_Fairly recent (Released in the past Yes-5 years) ,Q9_IP-AGE_Moderately old (Released more than 5 years ago) ,Q9_IP-AGE_Childhood favorite (I enjoyed it during my childhood) ,Q10-R_U_BUYER,Q11-BuyWhat-Clothing or apparel ,Q11-BuyWhat-Collectible figures or merchandise ,Q11-BuyWhat-Video games ,Q11-BuyWhat-Comic books or graphic novels (related to the IP) ,Q11-BuyWhat-Home decor/Posters ,Q11-BuyWhat-Toys or action figures ,Q11-BuyWhat-Board games/Trading card games ,Q11-BuyWhat-Makeup or beauty products ,Q11-BuyWhat-None of these ,Q12-Influence of IP,Q13-WhyBuy-It is indifferent to me ,Q13-WhyBuy-Excitement or Happiness ,Q13-WhyBuy-Connection to the IP's storyline or characters ,Q13-WhyBuy-Proud to support the IP ,Q13-WhyBuy-Nostalgia,Q13-WhyBuy-Love and loyalty for the IP ,Q13-WhyBuy-Collectible value ,Q13-WhyBuy-Personal connection to the IP ,Q13-WhyBuy-Peer influence or social validation ,Q13-WhyBuy-Product quality or uniqueness  ,Q13-WhyBuy-Promotions or discounts ,How often do you find yourself buying products related to your favorite intellectual properties (IPs in general)?,"Have you ever engaged in collecting items or objects? If so, please select the option that best describes your collecting experience:","Yes, I have collected items in the past.","Yes, I am currently actively collecting items.","Yes, I collect items casually from time to time.","No, I have never engaged in collecting items.",Stamps and or Coins ,"Artwork (e.g., paintings, drawings) ",Vintage or antique ítems ,"Action figures, toys or collectible merchandise ","Books, comics, or graphic novels ",Sports memorabilia ,"music memorabilia (e.g., vinyl records, concert posters",Trading cards /Board games,"DVDs, Blu-rays, or other media ","Digital Items (e.g., digital collectibles, in-game items, NFTs) ",Other (please specify): ,Other (please specify): ,Peer influence or social validation ,Personal satisfaction ,Completionist desire ,Historical interest ,Aesthetic appeal ,Social or community involvement ,Passion for the items or themes ,Investment potential ,Nostalgia ,Q20-WhereBuy-Purchase from retailers ,Attend auctions or collectibles fairs ,"Online marketplaces (e.g., eBay, Etsy, in-game Market) ", Trade or swap with other collectors , Inherit or receive as gifts ,"Acquired through opportunities (e.g., unexpected finds, special events)",Other (please specify): ,Q21-frequency of adding,Rarely - Once a year or less ,Occasionally - Once a month or a few times a year ,Very frequently - Multiple times a month ,Q22_VALUE 4 Item,Q22_VALUE-Rarity or uniqueness ,Q22_VALUE-Price or affordability ,Q22_VALUE-Emotional connection to the item ,Q22_VALUE-Potential resale value ,Q22_VALUE-Recommendations from other collectors ,"Q22_VALUE-Recognition or acknowledgment by others (e.g., peers, community) ",Q22_VALUE-Other (please specify): ,Q23-Active Collector,Q23-Casual Collector,Q23-Former Collector,Q23-Non-Collector,Q24-Consider a Collector,Gender:,Employment Status:,Status,home,Childrens,Yes/no
R_yR2mlrQ8DWm9cbf,45244.856Yes226852,45244.85938,IP Address,24.2Yes2.237.Yes46,Yes,anonymous,EN,Yes,Yes8 - 24,Completed a postgraduate degree,No,No,No,Yes,No,No,No,0,0,0,0,0,0,No,No,Yes,No,Yes,No,No,No,No,No,No, Titanic                       ,(1995-1999), Movie            ,1,0,0,0,0,0,0,0,0,0,0,0,0,0,No,No,No,No,No,No,No,No,Yes,No,No,No,No,Yes,No,No,Yes,No,No,No,Yes, Moderately old (Released more than 5 years ago) ,No,No,Yes,No,Yes,No,No,No,No,Yes,No,No,No,No,Strongly influence ,No,No,No,No,No,Yes,No,No,No,No,No,Occasionally - Once a month or a few times a year ,"Yes, I am currently actively collecting items.",No,Yes,No,No,No,No,No,Yes,No,No,No,No,No,No,No,No,No,No,No,No,Yes,No,No,No,No,No,No,No,Yes,No,No,No,Occasionally - Once a month or a few times a year ,No,Yes,No, Rarity or uniqueness ,Yes,No,No,No,No,No,No,No,No,No,Yes,No,Male, Employed part-time ,Relationship,Familiar/shared,No,Yes
R_3YesveYSXn8RPNogPq,45244.88876Yes574Yes,45244.9NoYesNoNo69444,IP Address,Yes74.9Yes.Yes73.Yes3Yes,Yes,anonymous,EN,Yes,35 - 44,"Currently enrolled in a postgraduate program (e.g., Master's, Ph.D., MBA)",Yes,Yes,Yes,No,Yes,No,No,2,1,4,0,3,0,No,Yes,No,No,No,Yes,Yes,No,Yes,Yes,Yes, Jurassic Park                 ,(1990-1994), Movie            ,0,1,1,1,0,0,0,0,0,0,0,0,0,0,No,No,No,No,No,No,No,No,No,No,No,No,No,Yes,No,No,Yes,No,Yes,No,Yes, Childhood favorite (I enjoyed it during my childhood) ,No,No,No,Yes,Yes,Yes,No,No,Yes,No,Yes,Yes,No,No,Moderately influence ,No,No,Yes,No,Yes,Yes,Yes,Yes,No,No,No,Rarely - Once a year or less ,"Yes, I am currently actively collecting items.",No,Yes,No,No,No,No,No,No,No,No,No,No,No,No,No,No,No,Yes,No,No,Yes,Yes,No,Yes,No,No,No,Yes,Yes,No,No,No,Occasionally - Once a month or a few times a year ,No,Yes,No," Recognition or acknowledgment by others (e.g., peers, community) ",No,No,No,No,No,Yes,No,No,No,Yes,No,Yes,Male, Student ,Married ,Familiar/shared,No,Yes
R_ujICduFrYoPTB85,45245.366Yes226852,45245.37926,IP Address,66.234.32.Yes2No,Yes,anonymous,EN,Yes,25-34,Completed a postgraduate degree,Yes,No,No,Yes,Yes,No,No,2,0,0,1,3,0,No,No,No,No,Yes,Yes,No,No,Yes,Yes,Yes, The Office                    ,(2000-2004), TV Series        ,0,0,0,0,1,0,0,0,0,0,0,0,0,0,No,No,No,No,No,No,No,No,No,No,No,No,Yes,No,Yes,No,Yes,No,No,Yes,Yes, Moderately old (Released more than 5 years ago) ,No,No,Yes,No,Yes,No,Yes,No,No,No,Yes,No,No,No,Moderately influence ,No,Yes,Yes,No,No,Yes,No,Yes,No,No,No,Rarely - Once a year or less ,"Yes, I have collected items in the past.",Yes,No,No,No,No,No,No,No,No,Yes,No,Yes,No,Yes,No,No,No,Yes,No,No,No,No,Yes,No,Yes,Yes,No,Yes,Yes,No,Yes,No,Rarely - Once a year or less ,Yes,No,No, Emotional connection to the item ,No,No,Yes,No,No,No,No,No,No,No,Yes,No,Male, Student ,Married ,Familiar/shared,No,Yes
R_YespTYesGbAvRxKvCOZ,45244.9No83YesNoYes852,45245.4Yes64467593,IP Address,24.2Yes2.237.Yes47,Yes,anonymous,EN,Yes,35 - 44,"Currently enrolled in a postgraduate program (e.g., Master's, Ph.D., MBA)",Yes,No,No,No,No,Yes,No,1,0,0,0,0,2,No,No,No,Yes,No,No,Yes,Yes,Yes,No,Yes, Inglourious Basterds          ,(2005-2009), Movie            ,1,0,1,0,0,1,0,0,0,0,0,0,0,0,No,No,No,No,No,No,No,No,No,No,No,No,No,No,No,No,Yes,No,Yes,No,Yes, Moderately old (Released more than 5 years ago) ,No,No,Yes,No,No,No,No,No,No,No,No,No,No,No,Unknown,No,No,No,No,No,No,No,No,No,No,No,Unknown,"No, I have never engaged in collecting items.",No,No,No,Yes,No,No,No,No,No,No,No,No,No,No,No,No,No,No,No,No,No,No,No,No,No,No,No,No,No,No,No,No,Unknown,No,No,No,Unknown,No,No,No,No,No,No,No,No,No,No,No,No,Female, Employed part-time ,Married ,Familiar/shared,No,No
R_33YesEajlKjjqX5nv,45245.47Yes4467593,45245.477NoYes38889,IP Address,Yes8Yes.235.9Yes.242,Yes,anonymous,ES,Yes,25-34,Completed a postgraduate degree,Yes,No,No,No,Yes,Yes,No,2,0,0,0,1,3,No,Yes,No,No,Yes,No,No,No,No,Yes,No, The Royal Tenenbaums          ,(2000-2004), Movie            ,1,0,0,0,1,0,0,0,0,0,0,0,0,0,No,No,No,No,No,No,No,No,No,No,No,No,Yes,No,No,No,Yes,No,Yes,No,Yes, Moderately old (Released more than 5 years ago) ,No,No,Yes,No,Yes,Yes,Yes,No,No,Yes,No,No,No,No,Moderately influence ,No,Yes,Yes,No,No,No,No,Yes,No,Yes,Yes,Occasionally - Once a month or a few times a year ,"Yes, I am currently actively collecting items.",No,Yes,No,No,Yes,Yes,No,No,Yes,No,No,No,No,No,No,No,No,Yes,No,Yes,No,No,Yes,No,Yes,No,No,Yes,No,Yes,Yes,No,Very frequently - Multiple times a month ,No,No,Yes, Emotional connection to the item ,No,No,Yes,No,No,No,No,Yes,No,No,No,Yes,Female,Employed full-time ,Married ,Familiar/shared,Yes,Yes
R_YesEWE9ZDwAAgRzpV,45245.478No9No2778,45245.482Yes759259,IP Address,Yes9Yes.95.24.2No3,Yes,anonymous,ES,Yes,25-34,Completed a postgraduate degree,Yes,Yes,No,Yes,Yes,No,No,4,2,0,1,3,0,No,No,No,No,Yes,No,No,No,No,Yes,No, Superman                      ,(1975-1979), Movie            ,0,1,1,1,0,0,1,0,0,0,0,0,0,0,No,No,No,No,No,No,No,No,No,No,No,No,No,Yes,No,No,Yes,No,No,No,No, Childhood favorite (I enjoyed it during my childhood) ,No,No,No,Yes,Yes,No,Yes,Yes,No,No,No,No,No,No,Slightly influence ,No,Yes,No,No,Yes,No,Yes,No,No,Yes,No,Occasionally - Once a month or a few times a year ,"Yes, I am currently actively collecting items.",No,Yes,No,No,Yes,No,No,Yes,Yes,No,No,Yes,No,No,No,No,No,Yes,Yes,No,Yes,No,Yes,Yes,Yes,Yes,No,Yes,Yes,No,Yes,No,Occasionally - Once a month or a few times a year ,No,Yes,No, Emotional connection to the item ,No,No,Yes,No,No,No,No,No,No,No,Yes,Yes,Male,Employed full-time ,Single,Alone,No,Yes
R_O9kXrjlWIYesrBIGZ,45245.496435Yes852,45245.49986YesYesYesYesYes,IP Address,Yes9Yes.Yes56.25No.Yes79,Yes,anonymous,EN,Yes,25-34,Completed a postgraduate degree,Yes,No,No,Yes,No,No,No,2,0,0,1,0,0,No,Yes,No,No,No,No,No,Yes,No,No,No, Final Fantasy                 ,(1985-1989), Video Game       ,0,0,1,0,0,0,0,1,0,0,0,0,0,0,No,No,No,No,No,No,No,No,No,No,No,No,No,Yes,Yes,Yes,Yes,Yes,Yes,Yes,Yes, Childhood favorite (I enjoyed it during my childhood) ,No,No,No,Yes,Yes,No,No,Yes,No,No,No,Yes,No,No,Strongly influence ,No,Yes,Yes,No,No,No,No,No,No,Yes,No,Very frequently - Multiple times a month ,"Yes, I collect items casually from time to time.",No,No,Yes,No,No,No,No,No,No,No,No,Yes,No,No,No,No,No,Yes,No,No,No,No,No,No,No,No,No,Yes,No,No,No,No,Occasionally - Once a month or a few times a year ,No,Yes,No, Rarity or uniqueness ,Yes,No,No,No,No,No,No,No,Yes,No,No,No,Male,Employed full-time ,Single,Alone,No,Yes
R_8qVPoYVzvh3US4x,45245.49585648Yes5,45245.5NoNo42824No7,IP Address,Yes86.82.87.YesYes3,Yes,anonymous,ES,Yes,25-34,Completed a postgraduate degree,No,Yes,Yes,Yes,No,No,No,0,3,2,1,0,0,No,No,Yes,Yes,No,No,No,No,Yes,Yes,Yes, Yu-Gi-Oh                      ,(1995-1999), Anime/Series     ,0,0,0,1,0,0,0,1,1,0,0,0,0,0,No,No,No,No,No,No,No,No,No,No,No,No,Yes,No,No,Yes,Yes,Yes,Yes,No,Yes, Moderately old (Released more than 5 years ago) ,No,No,Yes,No,Yes,Yes,Yes,Yes,No,No,No,Yes,No,No,Strongly influence ,No,Yes,No,Yes,No,Yes,Yes,Yes,No,No,No,Very frequently - Multiple times a month ,"Yes, I am currently actively collecting items.",No,Yes,No,No,No,No,No,No,No,No,No,Yes,No,No,No,No,No,Yes,Yes,No,Yes,No,Yes,No,No,Yes,Yes,Yes,Yes,No,Yes,No,Occasionally - Once a month or a few times a year ,No,Yes,No, Rarity or uniqueness ,Yes,No,No,No,No,No,No,Yes,No,No,No,Yes,Male,Employed full-time ,Married ,Familiar/shared,Yes,Yes
R_3fPYes4Snu6jbZCux,45245.4989699No74,45245.5No24537No37,IP Address,Yes9Yes.95.Yes43.2No9,Yes,anonymous,ES,Yes,25-34,Completed a postgraduate degree,No,Yes,No,Yes,Yes,No,No,0,3,0,1,2,0,No,Yes,No,No,No,No,Yes,No,Yes,No,No, Pokemon                       ,(1995-1999), Anime/Series     ,0,0,1,1,0,0,0,0,1,0,0,0,0,0,No,No,No,No,No,No,No,No,No,No,No,No,No,No,No,No,No,Yes,No,No,No, Childhood favorite (I enjoyed it during my childhood) ,No,No,No,Yes,Yes,No,Yes,Yes,No,Yes,Yes,No,No,No,Strongly influence ,No,Yes,Yes,No,Yes,No,No,No,No,No,Yes,Rarely - Once a year or less ,"Yes, I collect items casually from time to time.",No,No,Yes,No,Yes,No,No,Yes,Yes,No,No,Yes,No,No,No,No,No,Yes,No,No,Yes,No,Yes,No,Yes,Yes,No,Yes,No,No,Yes,No,Occasionally - Once a month or a few times a year ,No,Yes,No, Price or affordability ,No,Yes,No,No,No,No,No,Yes,No,No,No,Yes,Male, Employed part-time ,Single,Alone,No,Yes
R_3MipfCv5NokwjUin,45245.7No4Yes898Yes48,45245.7YesNo324No74Yes,IP Address,Yes9No.YesNo9.28.Yes,Yes,anonymous,ES,Yes,25-34,"Currently enrolled or completed an undergraduate program (e.g., Bachelor's degree)",Yes,Yes,No,Yes,Yes,No,No,2,1,0,4,3,0,No,Yes,Yes,No,Yes,Yes,No,No,No,Yes,No, Naruto                        ,(2000-2004), Anime/Series     ,0,0,1,1,0,0,0,0,1,0,0,0,0,0,No,No,No,No,No,No,No,No,No,No,No,No,Yes,Yes,No,No,Yes,No,No,Yes,No, Childhood favorite (I enjoyed it during my childhood) ,No,No,No,Yes,Yes,No,No,Yes,No,No,No,Yes,No,No,Moderately influence ,No,No,No,No,Yes,No,No,No,No,Yes,Yes,Rarely - Once a year or less ,"No, I have never engaged in collecting items.",No,No,No,Yes,No,No,No,No,No,No,No,No,No,No,No,No,No,No,No,No,No,No,No,No,No,No,No,No,No,No,No,No,Unknown,No,No,No,Unknown,No,No,No,No,No,No,No,No,No,No,No,No,Male, Student ,Single,Parents,No,No
R_2QWc8FspTxNotdF7,45245.853No4398Yes5,45245.856Yes342593,IP Address,Yes42.Yes26.25Yes.2Yes4,Yes,anonymous,EN,Yes,25-34,"Currently enrolled in a postgraduate program (e.g., Master's, Ph.D., MBA)",Yes,Yes,No,No,Yes,No,No,2,1,0,0,3,0,No,No,No,No,No,Yes,No,No,No,No,No,The Office,(2000-2004), TV Series        ,0,0,0,0,1,0,0,0,0,0,0,0,0,0,No,No,No,No,No,No,No,No,No,No,No,No,Yes,Yes,Yes,Yes,No,No,No,Yes,Yes, Moderately old (Released more than 5 years ago) ,No,No,Yes,No,Yes,No,Yes,No,Yes,Yes,Yes,No,No,No,Slightly influence ,No,Yes,Yes,Yes,Yes,No,Yes,Yes,No,No,No,Rarely - Once a year or less ,"Yes, I have collected items in the past.",Yes,No,No,No,No,No,No,Yes,No,No,No,No,No,No,No,No,No,Yes,No,No,Yes,No,No,No,Yes,Yes,No,No,No,No,Yes,No,Rarely - Once a year or less ,Yes,No,No, Emotional connection to the item ,No,No,Yes,No,No,No,No,No,Yes,No,No,No,Male, Unemployed ,Married ,Familiar/shared,No,Yes
R_YesmDHkTIbYDkFm7W,45245.87889,45245.89No2No83333,IP Address,Yes74.94.2.Yes65,Yes,anonymous,EN,Yes,35 - 44,"Currently enrolled in a postgraduate program (e.g., Master's, Ph.D., MBA)",Yes,No,No,No,Yes,Yes,Yes,2,0,0,0,4,3,Yes,No,Yes,No,No,No,Yes,No,No,Yes,No, Reality Show                  ,Null, TV Series/Reality,0,0,0,0,0,0,0,0,0,1,0,0,0,0,No,No,No,No,No,No,No,No,No,No,No,No,Yes,No,No,No,No,No,Yes,No,Yes,Recent (Released in the past year) ,No,No,No,No,Yes,No,No,No,No,No,No,No,No,Yes,Unknown,No,No,No,No,No,No,No,No,No,No,No,Unknown,"Yes, I have collected items in the past.",Yes,No,No,No,Yes,Yes,No,No,No,No,No,No,No,No,No,No,No,Yes,No,No,Yes,No,Yes,No,No,Yes,No,No,No,Yes,Yes,No,Very frequently - Multiple times a month ,No,No,Yes, Price or affordability ,No,Yes,No,No,No,No,No,No,No,No,Yes,No,Female, Student ,Single,Familiar/shared,Yes,Yes
R_bdBjlr2wNivlNoC5,45245.9Yes52662No37,45245.9Yes88773Yes48,IP Address,7No.53.Yes4.4,Yes,anonymous,EN,Yes,25-34,Completed a postgraduate degree,Yes,No,No,Yes,Yes,No,No,1,0,0,3,2,0,No,No,No,No,Yes,No,No,No,Yes,Yes,Yes, Cooking Shows                 ,Null, TV Series/Cooking,0,0,0,0,0,0,0,0,0,1,1,0,0,0,No,No,No,No,No,No,No,No,No,No,No,No,Yes,No,No,No,Yes,No,No,No,No, Childhood favorite (I enjoyed it during my childhood) ,No,No,No,Yes,Yes,No,No,No,No,Yes,No,No,No,No,Moderately influence ,No,No,No,No,No,No,Yes,No,No,Yes,Yes,Occasionally - Once a month or a few times a year ,"Yes, I have collected items in the past.",Yes,No,No,No,No,No,Yes,No,No,No,Yes,No,No,Yes,No,No,No,No,No,No,No,No,Yes,No,No,No,No,No,No,Yes,No,No,Occasionally - Once a month or a few times a year ,No,Yes,No, Recommendations from other collectors ,No,No,No,No,Yes,No,No,No,Yes,No,No,Yes,Female, Student ,Relationship,Familiar/shared,No,Yes
R_3lWGgnmoXV74Mo2,45246.3Yes88773Yes48,45246.322No37No37,IP Address,Yes9Yes.Yes56.Yes82.223,Yes,anonymous,ES,Yes,25-34,Completed a postgraduate degree,Yes,Yes,No,Yes,Yes,Yes,No,0,3,0,4,0,0,No,Yes,Yes,Yes,No,No,No,Yes,Yes,No,Yes, Caballeros del Zodiaco        ,(1985-1989), Anime/Series     ,0,0,1,1,0,0,0,0,1,0,0,0,0,0,No,No,No,No,No,No,No,No,No,No,No,No,No,Yes,No,Yes,No,No,Yes,No,Yes, Childhood favorite (I enjoyed it during my childhood) ,No,No,No,Yes,Yes,No,Yes,Yes,No,No,Yes,Yes,No,No,Strongly influence ,No,No,Yes,Yes,Yes,Yes,No,Yes,No,Yes,Yes,Occasionally - Once a month or a few times a year ,"Yes, I have collected items in the past.",Yes,No,No,No,Yes,No,No,Yes,Yes,No,No,Yes,Yes,Yes,No,No,No,Yes,Yes,Yes,Yes,No,Yes,No,Yes,Yes,No,No,Yes,Yes,Yes,No,Occasionally - Once a month or a few times a year ,No,Yes,No, Price or affordability ,No,Yes,No,No,No,No,No,No,Yes,No,No,Yes,Male, Employed part-time ,Single,Alone,No,Yes
R_Yesff3aOZfpjuaZuE,45246.3993No55556,45246.4No3993No556,IP Address,2No2.Yes84.Yes35.9No,Yes,anonymous,EN,Yes,25-34,Completed a postgraduate degree,Yes,Yes,No,Yes,Yes,No,No,4,3,0,1,2,0,No,No,No,Yes,Yes,Yes,No,Yes,Yes,No,No, League of Legends             ,(2005-2009), Video Game       ,0,1,1,0,0,0,0,0,0,0,0,0,0,0,No,No,No,No,No,No,No,No,No,Yes,No,No,No,No,No,Yes,Yes,Yes,No,Yes,Yes, Moderately old (Released more than 5 years ago) ,No,No,Yes,No,Yes,No,No,Yes,No,No,No,No,No,No,Strongly influence ,No,No,Yes,No,No,Yes,Yes,Yes,No,No,Yes,Very frequently - Multiple times a month ,"Yes, I am currently actively collecting items.",No,Yes,No,No,No,No,No,Yes,No,No,No,Yes,No,Yes,No,No,No,Yes,No,No,Yes,Yes,Yes,Yes,Yes,Yes,Yes,Yes,Yes,Yes,Yes,No,Very frequently - Multiple times a month ,No,No,Yes, Emotional connection to the item ,No,No,Yes,No,No,No,No,Yes,No,No,No,Yes,Male,Employed full-time ,Single,Alone,No,Yes
R_26mBdn5dyGvkqTH,45246.5693Yes7Yes296,45246.576No4Yes6667,IP Address,Yes74.9Yes.Yes73.Yes3Yes,Yes,anonymous,EN,Yes,25-34,Unknown,Yes,Yes,No,Yes,Yes,No,No,1,2,0,4,3,0,No,No,No,Yes,Yes,No,No,Yes,No,No,No, Assassin's Creed Games        ,(2005-2009), Video Game       ,0,0,1,1,0,0,0,0,0,0,0,1,0,0,No,No,No,No,No,No,No,No,No,No,No,No,Yes,No,No,No,No,Yes,Yes,No,Yes, Moderately old (Released more than 5 years ago) ,No,No,Yes,No,Yes,No,No,Yes,No,No,No,No,No,No,Slightly influence ,Yes,No,No,No,No,No,No,No,No,No,No,Rarely - Once a year or less ,"No, I have never engaged in collecting items.",No,No,No,Yes,No,No,No,No,No,No,No,No,No,No,No,No,No,No,No,No,No,No,No,No,No,No,No,No,No,No,No,No,Unknown,No,No,No,Unknown,No,No,No,No,No,No,No,No,No,No,No,No,Female,Employed full-time ,Married ,Alone,No,No
R_23frnSHsI5POyVj,45246.576Yes92Yes296,45246.57963,IP Address,Yes9Yes.95.53.252,Yes,anonymous,ES,Yes,25-34,Unknown,Yes,No,No,No,No,No,No,0,0,0,0,0,0,No,No,No,No,No,No,Yes,No,No,No,No, Suits                         ,(2010-2014), TV Series        ,1,0,0,0,0,0,0,0,0,0,0,0,0,0,No,No,No,No,No,No,No,No,No,No,No,No,No,No,No,No,No,No,No,No,Yes,Fairly recent (Released in the past Yes-5 years) ,No,Yes,No,No,No,No,No,No,No,No,No,No,No,No,Unknown,No,No,No,No,No,No,No,No,No,No,No,Unknown,"No, I have never engaged in collecting items.",No,No,No,Yes,No,No,No,No,No,No,No,No,No,No,No,No,No,No,No,No,No,No,No,No,No,No,No,No,No,No,No,No,Unknown,No,No,No,Unknown,No,No,No,No,No,No,No,No,No,No,No,No,Female, Unemployed ,Single,Alone,No,No
R_2tGvNoVVXgt6NHIz,45246.5779398Yes48,45246.58443287No4,IP Address,Yes56.34.4No.Yes88,Yes,anonymous,ES,Yes,35 - 44,Unknown,No,No,No,No,No,No,Yes,0,0,0,0,0,0,No,No,No,No,No,No,No,Yes,Yes,No,No, Instagram                     ,(2010-2014), Social Media     ,0,0,0,0,0,0,0,0,0,0,0,0,1,0,No,No,No,No,No,No,No,No,No,No,No,No,Yes,No,No,Yes,No,No,No,Yes,No, Moderately old (Released more than 5 years ago) ,No,No,Yes,No,Yes,Yes,No,No,No,No,No,No,Yes,No,Slightly influence ,No,No,No,No,No,No,No,No,No,No,Yes,Occasionally - Once a month or a few times a year ,"No, I have never engaged in collecting items.",No,No,No,Yes,No,No,No,No,No,No,No,No,No,No,No,No,No,No,No,No,No,No,No,No,No,No,No,No,No,No,No,No,Unknown,No,No,No,Unknown,No,No,No,No,No,No,No,No,No,No,No,No,Female, Student ,Married ,Alone,No,No
R_3oAALvjKHeqVfVQ,45246.6229398Yes48,45246.62986YesYesYesYesYes,IP Address,Yes8Yes.235.9No.33,Yes,anonymous,ES,Yes,35 - 44,Unknown,Yes,Yes,Yes,Yes,Yes,No,No,4,2,5,1,3,0,No,Yes,Yes,Yes,No,No,No,No,Yes,Yes,No, Halo                          ,(2000-2004), Video Game       ,1,0,0,1,0,0,0,0,0,0,0,0,0,1,No,No,No,No,No,No,No,No,No,No,No,No,No,No,No,No,Yes,Yes,No,Yes,Yes, Moderately old (Released more than 5 years ago) ,No,No,Yes,No,Yes,Yes,Yes,Yes,Yes,No,Yes,No,No,No,Moderately influence ,No,Yes,Yes,No,Yes,Yes,No,No,No,No,No,Rarely - Once a year or less ,"Yes, I have collected items in the past.",Yes,No,No,No,No,No,No,Yes,Yes,No,No,No,No,No,No,No,No,Yes,No,No,No,No,Yes,No,Yes,Yes,Yes,No,No,No,Yes,No,Rarely - Once a year or less ,Yes,No,No, Emotional connection to the item ,No,No,Yes,No,No,No,No,No,Yes,No,No,Yes,Male,Employed full-time ,Married ,Alone,No,Yes
R_3OYes7nIfJvqWdQF7,45246.7975YesYes574Yes,45246.8No4Yes666667,IP Address,7No.Yes9Yes.3.Yes8No,Yes,anonymous,ES,Yes,25-34,Unknown,Yes,Yes,Yes,Yes,Yes,No,No,5,1,4,2,3,0,No,Yes,Yes,No,Yes,No,No,No,No,Yes,Yes, Sword Art Online              ,(2010-2014), Anime/Series     ,0,0,1,1,0,0,0,0,1,0,0,0,0,0,No,No,No,No,No,No,No,No,No,No,No,No,Yes,Yes,No,No,Yes,Yes,Yes,Yes,Yes, Moderately old (Released more than 5 years ago) ,No,No,Yes,No,Yes,No,Yes,Yes,Yes,Yes,No,No,No,No,Moderately influence ,No,No,No,No,No,No,No,No,No,No,Yes,Occasionally - Once a month or a few times a year ,"Yes, I collect items casually from time to time.",No,No,Yes,No,No,No,No,No,No,No,No,No,No,No,Yes,No,No,No,No,No,No,No,Yes,No,No,No,No,No,No,No,No,Yes,Occasionally - Once a month or a few times a year ,No,Yes,No, Emotional connection to the item ,No,No,Yes,No,No,No,No,No,Yes,No,No,No,Female,Prefer not to answer ,Married ,Familiar/shared,Yes,Yes
R_PzDevnpGMUhyNoqR,45247.566979Yes667,45247.5748Yes48Yes48,IP Address,Yes9No.84.YesYes6.243,Yes,anonymous,EN,Yes,25-34,Unknown,Yes,Yes,No,Yes,Yes,No,Yes,2,4,0,5,3,0,Yes,Yes,Yes,Yes,Yes,No,Yes,Yes,No,Yes,No," Dark, the Netflix Serie       ",(2015-2019), TV Series        ,1,0,0,0,0,0,0,0,0,0,0,0,0,0,Yes,Yes,No,No,No,No,No,No,No,No,Yes,No,No,No,Yes,Yes,Yes,No,No,Yes,No,Fairly recent (Released in the past Yes-5 years) ,No,Yes,No,No,Yes,Yes,No,Yes,No,No,No,Yes,No,No,Moderately influence ,No,Yes,No,No,No,Yes,No,Yes,No,No,No,Occasionally - Once a month or a few times a year ,"Yes, I collect items casually from time to time.",No,No,Yes,No,No,No,No,No,No,No,No,Yes,No,No,No,No,No,Yes,No,No,No,No,Yes,No,No,Yes,No,Yes,No,No,No,No,Occasionally - Once a month or a few times a year ,No,Yes,No, Rarity or uniqueness ,Yes,No,No,No,No,No,No,No,No,No,Yes,No,Male,Employed full-time ,Single,Alone,No,Yes
R_Yesim3nSsUbuOXIYi,45247.562No37No37,45247.58No7No6NoYes85,IP Address,Yes9No.Yes45.234.Yes57,Yes,anonymous,EN,Yes,25-34,Unknown,Yes,No,No,No,No,Yes,No,1,0,0,0,0,2,No,No,Yes,No,Yes,No,No,No,Yes,No,No, The 48 Laws of Power          ,(1995-1999), Book             ,0,0,0,0,0,0,0,0,0,0,0,0,0,0,No,No,Yes,No,No,No,No,No,No,No,No,No,No,No,Yes,Yes,No,No,No,No,No, Moderately old (Released more than 5 years ago) ,No,No,Yes,No,Yes,Yes,No,No,No,No,No,No,No,No,Do not influence ,No,No,No,No,No,No,No,Yes,No,No,No,Rarely - Once a year or less ,"No, I have never engaged in collecting items.",No,No,No,Yes,No,No,No,No,No,No,No,No,No,No,No,No,No,No,No,No,No,No,No,No,No,No,No,No,No,No,No,No,Unknown,No,No,No,Unknown,No,No,No,No,No,No,No,No,No,No,No,No,Female,Employed full-time ,Single,Alone,No,No
R_YesHo9ic5S4YesUZmpf,45247.63No729Yes667,45247.6355787No37,IP Address,Yes8Yes.49.Yes4No.93,Yes,anonymous,ES,Yes,25-34,Unknown,No,No,No,No,Yes,Yes,No,0,0,0,0,0,0,No,No,Yes,No,Yes,No,No,No,No,Yes,No, Game of Thrones               ,(2010-2014), TV Series        ,1,0,0,0,0,0,0,1,0,0,0,0,0,0,No,No,No,No,No,No,No,No,No,No,No,No,No,No,Yes,No,Yes,No,Yes,Yes,Yes,Fairly recent (Released in the past Yes-5 years) ,No,Yes,No,No,No,No,No,No,No,No,No,No,No,No,Unknown,No,No,No,No,No,No,No,No,No,No,No,Unknown,"Yes, I collect items casually from time to time.",No,No,Yes,No,No,No,No,No,No,No,No,No,No,No,Yes,No,No,No,No,No,Yes,No,Yes,No,No,No,No,No,No,No,Yes,No,Occasionally - Once a month or a few times a year ,No,Yes,No, Rarity or uniqueness ,Yes,No,No,No,No,No,No,No,No,No,Yes,No,Male,Employed full-time ,Single,Alone,No,Yes
R_O3aQOuS6SLukXnz,45247.643368No556,45247.64797,IP Address,Yes86.84.2Yes.87,Yes,anonymous,ES,Yes,25-34,Unknown,No,No,No,No,Yes,No,No,0,0,0,0,0,0,No,No,Yes,No,No,No,No,No,No,No,No, The Dreamers (Pelicula)       ,(2000-2004), Movie            ,1,0,0,0,0,0,0,0,0,0,0,0,0,0,No,No,No,No,No,No,No,No,Yes,No,No,No,No,No,No,No,No,No,No,Yes,No, Moderately old (Released more than 5 years ago) ,No,No,Yes,No,Yes,No,No,No,No,No,No,No,No,Yes,Unknown,No,No,No,No,No,No,No,No,No,No,No,Unknown,"Yes, I have collected items in the past.",Yes,No,No,No,No,No,No,No,No,No,No,No,No,No,Yes,No,No,No,Yes,No,No,No,No,No,No,No,No,No,No,Yes,No,No,Rarely - Once a year or less ,Yes,No,No, Emotional connection to the item ,No,No,Yes,No,No,No,No,No,No,No,Yes,No,Male,Employed full-time ,Single,Parents,No,Yes
R_2YVxbm8AJ82NomYV,45247.6595486YesYesYes,45247.664386574Yes,IP Address,Yes99.7.Yes56.244,Yes,qr,EN,Yes,Yes8 - 24,Unknown,Yes,No,No,No,No,No,No,0,0,0,0,0,0,No,Yes,No,No,No,No,Yes,Yes,Yes,No,No, It Ends with Us                ,(2015-2019), Book             ,0,0,0,0,0,0,0,0,0,0,0,0,0,0,No,No,No,No,No,No,No,No,Yes,No,No,No,Yes,No,Yes,No,Yes,No,No,No,No,Fairly recent (Released in the past Yes-5 years) ,No,Yes,No,No,Yes,Yes,No,No,No,No,No,No,Yes,No,Moderately influence ,No,Yes,Yes,No,No,No,No,Yes,No,Yes,Yes,Rarely - Once a year or less ,"Yes, I have collected items in the past.",Yes,No,No,No,Yes,No,No,Yes,No,No,No,No,No,No,No,No,No,Yes,No,Yes,No,No,Yes,No,No,No,No,No,No,Yes,No,No,Rarely - Once a year or less ,Yes,No,No, Rarity or uniqueness ,Yes,No,No,No,No,No,No,No,Yes,No,No,No,Female, Student ,Single,Alone,No,Yes
R_3h6zFuB85V6NHja,45247.8No4NoNo46296,45247.8No5Yes967593,IP Address,72.Yes36.98.Yes52,Yes,qr,EN,Yes,Yes8 - 24,Unknown,Yes,No,No,No,Yes,No,No,0,0,0,0,0,0,No,No,No,Yes,No,Yes,No,No,Yes,No,No, TV Show                       ,Null, TV Series        ,0,0,0,0,0,0,0,0,0,0,0,0,0,0,No,No,No,No,No,No,No,No,No,No,No,No,No,No,No,No,No,No,Yes,Yes,No,Fairly recent (Released in the past Yes-5 years) ,No,Yes,No,No,No,No,No,No,No,No,No,No,No,No,Unknown,No,No,No,No,No,No,No,No,No,No,No,Unknown,,No,No,No,No,No,No,No,No,No,Yes,No,No,No,No,No,No,No,No,No,No,No,No,No,Yes,No,No,Yes,No,No,No,No,No,Occasionally - Once a month or a few times a year ,No,Yes,No, Price or affordability ,No,Yes,No,No,No,No,No,No,No,No,Yes,Yes,Male, Student ,Single,Alone,No,No
R_s7NoTvsRrj8zmdmV,45247.887743No556,45247.89No68287No4,IP Address,Yes84.Yes48.77.Yes55,Yes,anonymous,EN,Yes,Yes8 - 24,Unknown,Yes,No,No,Yes,No,No,No,2,0,0,1,0,0,No,No,Yes,No,No,Yes,No,No,No,No,No, Friends                       ,(1990-1994), TV Series        ,0,0,0,0,1,0,0,0,0,0,0,0,0,0,No,No,No,No,No,No,No,No,Yes,No,No,No,Yes,Yes,No,No,No,No,No,No,No, Childhood favorite (I enjoyed it during my childhood) ,No,No,No,Yes,Yes,No,No,Yes,No,No,Yes,No,No,No,Strongly influence ,Yes,No,No,No,No,No,No,No,No,No,No,Rarely - Once a year or less ,"Yes, I have collected items in the past.",Yes,No,No,No,No,No,No,No,Yes,No,No,No,No,No,No,No,No,Yes,No,No,No,No,No,No,No,Yes,No,No,No,No,No,No,Rarely - Once a year or less ,Yes,No,No, Emotional connection to the item ,No,No,Yes,No,No,No,No,No,Yes,No,No,No,Male, Student ,Single,Alone,No,Yes
R_33NoULdfrufNOm2T,45248.5Yes69444444,45248.52NoNo462963,IP Address,Yes9Yes.YesNo8.Yes55.Yes23,Yes,anonymous,ES,Yes,35 - 44,Unknown,Yes,No,No,No,Yes,Yes,No,0,0,0,0,0,0,No,No,No,No,No,No,Yes,No,No,No,No, Gap the Series                ,(2020-2024), TV Series        ,1,0,0,0,1,0,0,0,0,0,0,0,0,0,No,No,No,No,No,No,No,No,No,No,No,No,Yes,No,No,No,No,No,No,No,Yes,Recent (Released in the past year) ,No,No,No,No,Yes,No,Yes,No,No,No,No,No,No,No,Moderately influence ,No,Yes,No,No,No,No,Yes,No,No,No,No,Occasionally - Once a month or a few times a year ,"Yes, I have collected items in the past.",Yes,No,No,No,No,No,No,Yes,No,No,No,No,No,Yes,No,No,No,Yes,No,No,Yes,No,No,No,No,Yes,Yes,No,No,No,No,No,Occasionally - Once a month or a few times a year ,No,Yes,No, Price or affordability ,No,Yes,No,No,No,No,No,Yes,No,No,No,No,Female, Unemployed ,Relationship,Familiar/shared,No,Yes
R_3je5O26vjCrWYnA,45248.57883YesNoYes85,45248.582NoNo23Yes48,IP Address,69.Yes57.Yes6No.65,Yes,anonymous,ES,Yes,35 - 44,Unknown,No,Yes,No,No,Yes,No,No,0,0,0,0,0,0,No,No,No,No,Yes,No,No,No,No,No,No, Attack on Titan               ,(2010-2014), Anime/Series     ,1,0,0,1,0,0,0,1,1,0,0,0,0,0,No,No,No,No,No,No,No,No,No,No,No,No,No,No,No,No,No,No,No,No,Yes,Recent (Released in the past year) ,No,No,No,No,No,No,No,No,No,No,No,No,No,No,Unknown,No,No,No,No,No,No,No,No,No,No,No,Unknown,"No, I have never engaged in collecting items.",No,No,No,Yes,No,No,No,No,No,No,No,No,No,No,No,No,No,No,No,No,No,No,No,No,No,No,No,No,No,No,No,No,Unknown,No,No,No,Unknown,No,No,No,No,No,No,No,No,No,No,No,No,Male,Employed full-time ,Relationship,Familiar/shared,No,No
R_YesLCJYL3Ooo3sNU7,45248.58486YesYesYesYesYes,45248.5885648Yes48,IP Address,2No4.48.94.24,Yes,anonymous,EN,Yes,35 - 44,Unknown,Yes,Yes,No,No,Yes,No,No,2,1,0,0,3,0,No,No,Yes,Yes,Yes,No,No,No,Yes,Yes,Yes, Attack of Titans               ,(2010-2014), Anime/Series     ,Yes,No,No,Yes,No,No,No,Yes,Yes,No,No,No,No,No,No,No,No,No,No,No,No,No,No,No,No,No,No,No,Yes,No,Yes,No,Yes,No,Yes, Moderately old (Released more than 5 years ago) ,No,No,Yes,No,Yes,Yes,Yes,No,Yes,Yes,Yes,No,No,No,Moderately influence ,No,No,Yes,No,No,No,No,Yes,No,Yes,No,Occasionally - Once a month or a few times a year ,"Yes, I collect items casually from time to time.",No,No,Yes,No,No,Yes,Yes,Yes,Yes,No,No,No,No,No,No,No,No,Yes,No,Yes,Yes,No,Yes,No,Yes,Yes,No,Yes,No,Yes,Yes,No,Occasionally - Once a month or a few times a year ,No,Yes,No, Price or affordability ,No,Yes,No,No,No,No,No,Yes,No,No,No,No,Male,Employed full-time ,Married ,Familiar/shared,No,Yes
R_bJCK3sKdyNoC5H2x,45248.95YesNoYes85Yes85,45248.95447,IP Address,Yes99.7.Yes57.Yes9,Yes,qr,EN,Yes,25-34,Unknown,Yes,Yes,Yes,Yes,Yes,No,No,2,4,5,1,3,0,No,No,No,No,Yes,No,No,Yes,Yes,Yes,No, Midnight Mass                  ,(2020-2024), TV Series        ,Yes,No,No,No,No,No,No,Yes,No,No,No,No,No,No,No,Yes,No,Yes,No,No,No,No,No,No,No,No,No,No,Yes,Yes,Yes,No,Yes,Yes,Yes,Fairly recent (Released in the past Yes-5 years) ,No,Yes,No,No,No,No,No,No,No,No,No,No,No,No,Unknown,No,No,No,No,No,No,No,No,No,No,No,Unknown,"Yes, I collect items casually from time to time.",No,No,Yes,No,No,Yes,Yes,No,No,No,No,No,No,No,No,No,No,Yes,No,Yes,Yes,No,Yes,No,No,Yes,No,Yes,No,Yes,Yes,No,Occasionally - Once a month or a few times a year ,No,Yes,No, Rarity or uniqueness ,Yes,No,No,No,No,No,No,No,No,No,Yes,No,Male,Employed full-time ,Single,Parents,No,Yes
R_YesNlwFPaAmuAmC7h,45249.585NoYesYes574Yes,45249.587Yes6435Yes9,IP Address,Yes42.Yes8Yes.2Yes6.2No5,Yes,anonymous,ES,Yes,35 - 44,Unknown,No,No,No,Yes,Yes,No,No,0,0,0,2,1,0,No,No,No,Yes,Yes,No,No,No,No,No,No, Back to the Future            ,(1980-1984), Movie            ,No,Yes,Yes,No,Yes,No,No,No,No,No,No,No,No,No,No,No,No,No,No,No,No,No,No,No,No,No,No,No,No,No,Yes,No,Yes,No,Yes, Moderately old (Released more than 5 years ago) ,No,No,Yes,No,No,No,No,No,No,No,No,No,No,No,Unknown,No,No,No,No,No,No,No,No,No,No,No,Unknown,"Yes, I collect items casually from time to time.",No,No,Yes,No,No,No,No,Yes,Yes,No,No,No,No,No,No,No,No,No,No,Yes,Yes,No,No,No,Yes,No,No,No,Yes,Yes,No,No,Rarely - Once a year or less ,Yes,No,No, Price or affordability ,No,Yes,No,No,No,No,No,Yes,No,No,No,No,Male,Employed full-time ,Married ,Familiar/shared,No,Yes
R_3qgOhWeD2SYXeMm,45249.7767Yes2963,45249.78458,IP Address,Yes9Yes.Yes56.247.Yes28,Yes,anonymous,ES,Yes,Yes8 - 24,Unknown,Yes,Yes,No,Yes,Yes,No,No,4,2,0,3,1,0,No,Yes,No,No,Yes,No,No,Yes,No,Yes,No, The Office                    ,(2000-2004), TV Series        ,No,No,No,No,Yes,No,No,No,No,No,No,No,No,No,No,No,No,No,No,No,No,No,No,No,No,No,Yes,No,No,No,No,No,No,No,No, Moderately old (Released more than 5 years ago) ,No,No,Yes,No,No,No,No,No,No,No,No,No,No,Yes,Unknown,No,No,No,No,No,No,No,No,No,No,No,Unknown,"Yes, I have collected items in the past.",Yes,No,No,No,No,No,Yes,No,No,No,No,No,No,No,No,No,No,Yes,No,No,No,No,No,No,No,Yes,No,No,No,Yes,No,No,Rarely - Once a year or less ,Yes,No,No, Rarity or uniqueness ,Yes,No,No,No,No,No,No,No,No,No,Yes,No,Male,Employed full-time ,Single,Alone,No,Yes
R_YesJOCWuAoRUptoR9,45249.7969No97222,45249.79876Yes574Yes,IP Address,Yes8Yes.58.39.4Yes,Yes,anonymous,ES,Yes,Yes8 - 24,Unknown,No,No,No,Yes,No,No,No,0,0,0,0,0,0,No,No,No,No,No,Yes,No,Yes,No,No,No, Super Mario 64                ,(1995-1999), Video Game       ,No,No,Yes,No,No,No,No,No,No,No,No,No,No,No,No,No,No,No,No,Yes,No,No,No,No,No,No,Yes,Yes,No,No,No,Yes,Yes,No,No, Childhood favorite (I enjoyed it during my childhood) ,No,No,No,Yes,No,No,No,No,No,No,No,No,No,No,Unknown,No,No,No,No,No,No,No,No,No,No,No,Unknown,"Yes, I have collected items in the past.",Yes,No,No,No,No,No,No,Yes,No,No,No,No,No,No,No,No,No,Yes,No,No,Yes,No,Yes,No,Yes,Yes,No,No,No,No,No,No,Rarely - Once a year or less ,Yes,No,No, Price or affordability ,No,Yes,No,No,No,No,No,Yes,No,No,No,No,Female, Student ,Single,Alone,No,Yes
R_BQdbkItXzAObByF,45249.7973Yes48Yes48,45249.7996Yes8No556,IP Address,Yes8Yes.52.67.Yes94,Yes,anonymous,ES,Yes,Yes8 - 24,Unknown,No,No,No,No,Yes,No,No,0,0,0,0,0,0,No,No,Yes,No,No,No,No,No,No,No,No, Stranger Things               ,(2015-2019), TV Series        ,Yes,No,No,No,No,No,No,Yes,No,No,No,No,No,No,No,Yes,No,Yes,No,No,No,No,No,No,No,No,No,No,No,Yes,No,No,Yes,Yes,Yes,Fairly recent (Released in the past Yes-5 years) ,No,Yes,No,No,No,No,No,No,No,No,No,No,No,No,Unknown,No,No,No,No,No,No,No,No,No,No,No,Unknown,"No, I have never engaged in collecting items.",No,No,No,Yes,No,No,No,No,No,No,No,No,No,No,No,No,No,No,No,No,No,No,No,No,No,No,No,No,No,No,No,No,Unknown,No,No,No,Unknown,No,No,No,No,No,No,No,No,No,No,No,No,Female, Student ,Single,Parents,No,No
R_p5Cv4EYes9ZJBgqBP,45249.8No4375,45249.8No6956NoYes85,IP Address,Yes8Yes.Yes33.Yes85.Yes52,Yes,anonymous,ES,Yes,Yes8 - 24,Unknown,No,No,No,Yes,Yes,No,No,0,0,0,2,1,0,No,Yes,Yes,No,Yes,No,No,Yes,Yes,Yes,Yes, Hereditary                    ,(2020-2024), Movie            ,Yes,No,No,No,No,No,No,No,No,No,No,No,No,No,No,Yes,No,Yes,Yes,No,No,No,No,No,No,No,No,No,Yes,Yes,Yes,No,Yes,Yes,Yes,Fairly recent (Released in the past Yes-5 years) ,No,Yes,No,No,Yes,Yes,Yes,Yes,No,No,No,No,No,No,Strongly influence ,No,No,No,No,No,No,No,Yes,No,No,No,Very frequently - Multiple times a month ,"No, I have never engaged in collecting items.",No,No,No,Yes,No,No,No,No,No,No,No,No,No,No,No,No,No,No,No,No,No,No,No,No,No,No,No,No,No,No,No,No,Unknown,No,No,No,Unknown,No,No,No,No,No,No,No,No,No,No,No,No,Male, Student ,Single,Alone,No,No
R_3nVDGwvFridIUdJ,45249.8No4386574Yes,45249.8No9236YesYesYesYes,IP Address,7No.Yes9Yes.3.Yes8No,Yes,anonymous,EN,Yes,25-34,Unknown,Yes,Yes,No,Yes,Yes,No,No,3,2,0,1,4,0,No,No,No,Yes,Yes,No,No,Yes,Yes,No,No, Final Fantasy XV Royal Edition,(2015-2019), Video Game       ,No,No,Yes,No,No,No,No,Yes,No,No,No,No,No,No,No,No,No,No,No,No,No,No,No,No,No,No,No,No,Yes,No,Yes,Yes,Yes,No,Yes, Moderately old (Released more than 5 years ago) ,No,No,Yes,No,Yes,Yes,Yes,Yes,Yes,Yes,Yes,Yes,No,No,Moderately influence ,No,No,Yes,No,No,No,Yes,No,No,Yes,Yes,Occasionally - Once a month or a few times a year ,"Yes, I collect items casually from time to time.",No,No,Yes,No,No,Yes,No,Yes,Yes,No,No,No,Yes,Yes,No,No,No,Yes,No,Yes,No,No,Yes,No,No,Yes,No,Yes,No,No,No,No,Occasionally - Once a month or a few times a year ,No,Yes,No, Price or affordability ,No,Yes,No,No,No,No,No,No,Yes,No,No,No,Male,Employed full-time ,Married ,Familiar/shared,Yes,Yes
R_YesowiiFGhV8Z3neF,45249.8Yes26Yes574No7,45249.8Yes567Yes2963,IP Address,Yes9No.9.245.Yes3No,Yes,anonymous,ES,Yes,Yes8 - 24,Unknown,Yes,Yes,No,No,Yes,Yes,No,2,1,0,0,3,4,No,Yes,No,No,No,No,No,No,Yes,Yes,No, Alice in Borderland            ,(2020-2024), TV Series        ,No,No,No,Yes,No,No,No,Yes,No,No,No,No,No,No,No,No,No,No,Yes,No,No,No,No,No,No,No,No,No,Yes,Yes,Yes,No,Yes,No,Yes,Fairly recent (Released in the past Yes-5 years) ,No,Yes,No,No,Yes,Yes,Yes,No,No,Yes,No,Yes,No,No,Strongly influence ,No,Yes,Yes,Yes,No,Yes,No,Yes,No,No,No,Occasionally - Once a month or a few times a year ,"Yes, I collect items casually from time to time.",No,No,Yes,No,No,No,No,No,No,No,No,Yes,No,No,No,No,No,Yes,No,No,Yes,Yes,Yes,No,No,Yes,Yes,No,Yes,No,Yes,No,Occasionally - Once a month or a few times a year ,No,Yes,No, Emotional connection to the item ,No,No,Yes,No,No,No,No,No,No,No,Yes,No,Female, Student ,Single,Alone,No,Yes
R_YesLFI5QaDkM7hQov,4525No.35376Yes574Yes,4525No.358993No556,IP Address,Yes9Yes.95.24.Yes5,Yes,anonymous,ES,Yes,Yes8 - 24,Unknown,No,Yes,No,Yes,Yes,Yes,No,0,2,0,3,1,4,No,Yes,No,Yes,Yes,No,No,No,Yes,Yes,No, Fullmetal Alchemist           ,(2005-2009), Anime/Series     ,Yes,No,Yes,Yes,No,No,No,No,Yes,No,No,No,No,No,No,No,No,No,No,No,No,No,No,No,No,No,No,No,No,Yes,Yes,No,Yes,No,Yes, Moderately old (Released more than 5 years ago) ,No,No,Yes,No,Yes,Yes,No,No,No,Yes,No,No,No,No,Moderately influence ,No,Yes,Yes,No,No,No,No,Yes,No,Yes,No,Occasionally - Once a month or a few times a year ,"No, I have never engaged in collecting items.",No,No,No,Yes,No,No,No,No,No,No,No,No,No,No,No,No,No,No,No,No,No,No,No,No,No,No,No,No,No,No,No,No,Unknown,No,No,No,Unknown,No,No,No,No,No,No,No,No,No,No,No,No,Male,Employed full-time ,Single,Parents,No,No
R_YeshGOrbPbVxlEZJF,4525No.4NoYes85Yes85Yes8,4525No.4No54398Yes48,IP Address,Yes9Yes.YesNo8.Yes55.Yes23,Yes,anonymous,ES,Yes,35 - 44,Unknown,Yes,No,No,No,Yes,No,No,0,0,0,0,0,0,No,No,Yes,No,Yes,No,No,No,No,Yes,No, Gap the Series                ,(2020-2024), TV Series        ,Yes,No,No,No,Yes,No,No,No,No,No,No,No,No,No,No,No,No,No,No,No,No,No,No,No,No,No,No,No,No,Yes,Yes,No,No,No,Yes,Fairly recent (Released in the past Yes-5 years) ,No,Yes,No,No,Yes,Yes,Yes,No,No,No,Yes,No,No,No,Moderately influence ,No,No,No,No,No,No,No,Yes,No,No,Yes,Occasionally - Once a month or a few times a year ,"Yes, I have collected items in the past.",Yes,No,No,No,No,No,No,Yes,No,No,No,No,Yes,No,No,No,No,Yes,No,No,No,No,No,No,Yes,No,No,Yes,No,No,No,No,Occasionally - Once a month or a few times a year ,No,Yes,No, Price or affordability ,No,Yes,No,No,No,No,No,No,Yes,No,No,No,Female, Unemployed ,Relationship,Familiar/shared,No,Yes
R_27VivNedErNo3fa3,4525No.4No224537No4,4525No.4No679398Yes5,IP Address,Yes9Yes.YesNo8.Yes55.Yes23,Yes,anonymous,ES,Yes,35 - 44,Unknown,No,No,No,No,Yes,Yes,No,0,0,0,0,0,0,No,No,Yes,No,No,No,No,Yes,Yes,Yes,No, Criminal Minds                ,(2000-2004), TV Series        ,Yes,No,No,No,No,No,No,No,No,No,No,No,No,No,Yes,Yes,No,No,Yes,No,No,No,No,No,Yes,No,No,No,No,No,No,No,Yes,Yes,Yes, Moderately old (Released more than 5 years ago) ,No,No,Yes,No,Yes,No,No,No,No,No,No,No,No,Yes,Unknown,No,No,No,No,No,No,No,No,No,No,No,Unknown,"Yes, I have collected items in the past.",Yes,No,No,No,No,No,No,No,Yes,No,No,No,No,No,No,No,No,Yes,No,No,No,No,Yes,No,Yes,Yes,No,No,No,No,Yes,No,Rarely - Once a year or less ,Yes,No,No, Price or affordability ,No,Yes,No,No,No,No,No,No,Yes,No,No,No,Female,Employed full-time ,Relationship,Familiar/shared,No,Yes
R_YespXW4ltJSawuKPA,4525No.5Yes9No277778,4525No.522974537,IP Address,24.2Yes2.237.Yes47,Yes,anonymous,EN,Yes,35 - 44,Unknown,No,Yes,No,Yes,Yes,No,No,0,2,0,1,3,0,No,No,No,No,Yes,No,Yes,Yes,No,No,No, Dota                          ,(2010-2014), Video Game       ,No,Yes,Yes,No,No,No,No,No,No,No,No,No,No,No,No,No,No,No,No,No,No,No,No,Yes,No,No,No,No,No,No,Yes,Yes,No,No,No, Moderately old (Released more than 5 years ago) ,No,No,Yes,No,Yes,Yes,No,No,No,No,No,Yes,No,No,Do not influence ,No,Yes,No,No,No,No,No,No,No,No,No,Rarely - Once a year or less ,"No, I have never engaged in collecting items.",No,No,No,Yes,No,No,No,No,No,No,No,No,No,No,No,No,No,No,No,No,No,No,No,No,No,No,No,No,No,No,No,No,Unknown,No,No,No,Unknown,No,No,No,No,No,No,No,No,No,No,No,No,Male, Unemployed ,Married ,Familiar/shared,No,No
R_2AFFsNoTXDRnsaof,4525No.6No8Yes944444,4525No.6YesNo3NoNo9259,IP Address,Yes67.No.54.249,Yes,anonymous,ES,Yes,25-34,Unknown,Yes,No,No,Yes,Yes,No,No,1,0,0,2,3,0,No,No,Yes,No,Yes,No,No,No,No,Yes,No, Game of Thrones               ,(2010-2014), TV Series        ,Yes,No,No,No,No,No,No,Yes,No,No,No,No,No,No,No,No,No,No,No,No,No,No,No,No,No,No,No,No,Yes,No,Yes,No,Yes,No,No, Moderately old (Released more than 5 years ago) ,No,No,Yes,No,Yes,No,No,No,No,No,No,No,No,Yes,Unknown,No,No,No,No,No,No,No,No,No,No,No,Unknown,"No, I have never engaged in collecting items.",No,No,No,Yes,No,No,No,No,No,No,No,No,No,No,No,No,No,No,No,No,No,No,No,No,No,No,No,No,No,No,No,No,Unknown,No,No,No,Unknown,No,No,No,No,No,No,No,No,No,No,No,No,Male,Employed full-time ,Relationship,Familiar/shared,No,No
R_YesFRryPddIwJBbjf,4525No.7NoNo9No27778,4525No.7No3YesYes34259,IP Address,79.225.92.25Yes,Yes,anonymous,EN,Yes,25-34,Unknown,Yes,No,No,No,Yes,No,No,1,0,0,0,2,0,No,No,No,No,No,No,Yes,No,Yes,No,Yes, Modern Family                 ,(2005-2009), TV Series        ,Yes,No,No,No,Yes,No,No,No,No,No,No,No,No,No,No,No,No,No,No,No,No,No,No,No,No,No,Yes,No,No,No,No,No,No,Yes,Yes,Fairly recent (Released in the past Yes-5 years) ,No,Yes,No,No,No,No,No,No,No,No,No,No,No,Yes,Unknown,No,No,No,No,No,No,No,No,No,No,No,Unknown,"Yes, I have collected items in the past.",Yes,No,No,No,No,No,No,No,No,No,No,No,No,No,No,No,No,No,No,No,No,No,No,No,No,No,No,No,No,No,No,No,Unknown,No,No,No,Unknown,No,No,No,No,No,No,No,No,No,No,No,No,Unknown,Unknown,Unknown,Familiar/shared,No,Yes
R_AFeSSJqjc6No7NoVH,4525No.7YesYes4NoNo463,4525No.7Yes38425926,IP Address,Yes8Yes.235.3Yes.Yes62,Yes,anonymous,ES,Yes,Yes8 - 24,Unknown,Yes,No,No,No,Yes,No,No,1,0,0,0,2,0,No,No,No,No,Yes,Yes,No,No,Yes,No,No,The King: Eternal Monarch,(2020-2024), TV Series        ,No,Yes,No,No,No,No,No,Yes,No,No,No,No,No,No,No,No,No,No,No,No,No,No,Yes,No,No,No,No,Yes,No,No,No,No,Yes,No,Yes,Fairly recent (Released in the past Yes-5 years) ,No,Yes,No,No,No,No,No,No,No,No,No,No,No,Yes,Unknown,No,No,No,No,No,No,No,No,No,No,No,Unknown,"No, I have never engaged in collecting items.",No,No,No,Yes,No,No,No,No,No,No,No,No,No,No,No,No,No,No,No,No,No,No,No,No,No,No,No,No,No,No,No,No,Unknown,No,No,No,Unknown,No,No,No,No,No,No,No,No,No,No,No,No,Female, Student ,Single,Alone,No,No
R_2QxqXDzOBqaQWIQ,4525No.7Yes2No949No74,4525No.73Yes3Yes94444,IP Address,Yes9Yes.Yes56.47.Yes5No,Yes,anonymous,EN,Yes,Yes8 - 24,Unknown,Yes,No,No,No,Yes,No,No,0,0,0,0,0,0,No,Yes,Yes,No,Yes,No,No,No,No,Yes,Yes, Titanic                       ,(1995-1999), Movie            ,Yes,No,No,No,No,No,No,No,No,No,No,No,No,No,No,No,No,No,No,No,No,No,Yes,No,No,No,No,No,No,Yes,Yes,No,No,Yes,Yes, Childhood favorite (I enjoyed it during my childhood) ,No,No,No,Yes,Yes,Yes,Yes,No,Yes,No,Yes,No,No,No,Moderately influence ,No,Yes,Yes,No,Yes,Yes,No,No,No,Yes,Yes,Rarely - Once a year or less ,"Yes, I have collected items in the past.",Yes,No,No,No,No,No,No,No,No,No,No,No,No,No,No,No,No,No,No,No,No,No,No,No,No,No,No,No,No,No,No,No,Unknown,No,No,No,Unknown,No,No,No,No,No,No,No,No,No,No,No,No,Unknown,Unknown,Unknown,Familiar/shared,No,Yes
R_YesNoooc8NoFDgyNays,4525No.839NoNo46296,4525No.84295Yes3889,IP Address,Yes86.Yes7Yes.3.99,Yes,anonymous,ES,Yes,25-34,Unknown,Yes,Yes,No,Yes,Yes,No,No,4,1,0,2,3,0,No,No,Yes,No,No,No,Yes,No,Yes,Yes,No, Naruto                        ,(2000-2004), Anime/Series     ,No,No,Yes,Yes,No,No,No,No,Yes,No,No,No,No,No,No,No,No,No,No,No,No,No,No,No,No,No,Yes,Yes,No,No,Yes,No,Yes,No,Yes, Childhood favorite (I enjoyed it during my childhood) ,No,No,No,Yes,No,No,No,No,No,No,No,No,No,No,Unknown,No,No,No,No,No,No,No,No,No,No,No,Unknown,"No, I have never engaged in collecting items.",No,No,No,Yes,No,No,No,No,No,No,No,No,No,No,No,No,No,No,No,No,No,No,No,No,No,No,No,No,No,No,No,No,Unknown,No,No,No,Unknown,No,No,No,No,No,No,No,No,No,No,No,No,Male,Employed full-time ,Single,Parents,No,No
R_rfnpoEHwtJEe7UB,4525No.845No5787No4,4525No.85No82Yes7593,IP Address,Yes9Yes.95.2Yes.25Yes,Yes,anonymous,ES,Yes,Yes8 - 24,Unknown,No,No,No,No,Yes,Yes,No,0,0,0,0,2,1,No,No,No,No,Yes,No,No,No,No,No,Yes,Le Petit Prince,(1940-1944), Book             ,No,No,No,No,No,No,No,No,No,No,No,No,No,No,No,No,No,No,No,No,Yes,No,No,No,No,No,No,No,No,No,Yes,No,No,No,Yes, Childhood favorite (I enjoyed it during my childhood) ,No,No,No,Yes,Yes,No,No,No,No,No,No,No,No,Yes,Unknown,No,No,No,No,No,No,No,No,No,No,No,Unknown,"No, I have never engaged in collecting items.",No,No,No,Yes,No,No,No,No,No,No,No,No,No,No,No,No,No,No,No,No,No,No,No,No,No,No,No,No,No,No,No,No,Unknown,No,No,No,Unknown,No,No,No,No,No,No,No,No,No,No,No,No,Female,Employed full-time ,Single,Parents,No,No
R_2SwcbZCiYesddXDDK,4525Yes.4399652778,4525Yes.445No347222,IP Address,2No9.Yes7Yes.85.34,Yes,qr,EN,Yes,45 - 54,Unknown,Yes,No,No,No,No,No,No,0,0,0,0,0,0,No,No,No,No,No,No,Yes,No,Yes,No,No, Rick & Morty                  ,(2010-2014), TV Series        ,No,Yes,Yes,No,Yes,No,No,No,Yes,No,No,No,No,No,No,No,No,No,No,No,No,No,No,No,No,No,Yes,No,Yes,No,Yes,No,Yes,Yes,Yes, Moderately old (Released more than 5 years ago) ,No,No,Yes,No,No,No,No,No,No,No,No,No,No,No,Unknown,No,No,No,No,No,No,No,No,No,No,No,Unknown,"Yes, I have collected items in the past.",Yes,No,No,No,No,No,No,No,No,No,No,No,No,No,No,No,No,No,No,No,No,No,No,No,No,No,No,No,No,No,No,No,Unknown,No,No,No,Unknown,No,No,No,No,No,No,No,No,No,No,No,No,Unknown,Unknown,Unknown,Familiar/shared,No,Yes
R_3iCrI9b7PuP4c6k,45245.Yes6324No74No7,45245.Yes646No648Yes5,IP Address,99.227.75.YesYes9,No,anonymous,EN,Yes,25-34,"Currently enrolled in a postgraduate program (e.g., Master's, Ph.D., MBA)",Yes,Yes,Yes,No,Yes,Yes,No,1,4,5,0,2,3,No,No,No,No,No,No,No,No,No,Yes,No, Netflix                       ,(1995-1999), Streaming Service,No,No,No,No,No,No,No,No,No,No,No,No,No,No,No,No,No,No,No,No,No,No,No,No,No,No,Yes,No,No,No,No,No,No,Yes,No, Moderately old (Released more than 5 years ago) ,No,No,Yes,No,No,No,No,No,No,No,No,No,No,No,Unknown,No,No,No,No,No,No,No,No,No,No,No,Unknown,,No,No,No,No,No,No,No,No,No,No,No,No,No,No,No,No,No,No,No,No,No,No,No,No,No,No,No,No,No,No,No,No,Unknown,No,No,No,Unknown,No,No,No,No,No,No,No,No,No,No,No,No,Unknown,Unknown,Unknown,Familiar/shared,No,No
R_T2fKPHVq6zr3zNoZ,45252.5Yes265No463,45252.5Yes4No74No74Yes,IP Address,Yes99.YesYes9.233.248,Yes,qr,EN,Yes,25-34,"Currently enrolled or completed an undergraduate program (e.g., Bachelor's degree)",Yes,No,No,No,Yes,Yes,No,1,0,0,0,3,2,No,No,No,Yes,Yes,Yes,No,No,No,Yes,No, Marielle Alonzo               ,Null, Unknown          ,No,No,No,No,No,No,No,No,No,No,No,No,No,No,No,No,No,No,No,No,No,No,No,No,No,No,No,No,Yes,No,No,No,No,No,No,Recent (Released in the past year) ,No,No,No,No,Yes,Yes,No,No,No,No,No,Yes,No,No,Slightly influence ,No,No,No,No,No,No,No,No,No,Yes,No,Rarely - Once a year or less ,"Yes, I am currently actively collecting items.",No,Yes,No,No,No,No,No,No,Yes,No,No,No,No,No,No,No,Yes,No,No,No,No,Yes,No,No,No,No,No,Yes,No,No,No,No,Occasionally - Once a month or a few times a year ,No,Yes,No, Potential resale value ,No,No,No,Yes,No,No,No,No,No,Yes,No,Yes,Female, Student ,Single,Alone,No,Yes
R_2P4DETFlMYXiloB,45245.6Yes8Yes25,45245.62Yes84No2778,IP Address,Yes8Yes.58.39.2Yes6,No,anonymous,ES,Yes,25-34,"Currently enrolled in a postgraduate program (e.g., Master's, Ph.D., MBA)",Yes,No,No,No,Yes,Yes,Yes,1,0,0,0,4,2,3,Yes,No,Yes,No,No,No,No,Yes,No,No, Naruto                        ,(2000-2004), Anime/Series     ,No,No,Yes,Yes,No,No,No,No,Yes,No,No,No,No,No,No,No,No,No,No,No,No,No,No,No,No,No,Yes,Yes,No,No,Yes,No,No,Yes,No, Childhood favorite (I enjoyed it during my childhood) ,No,No,No,Yes,Yes,No,No,Yes,No,No,No,Yes,No,No,Moderately influence ,No,No,No,No,Yes,No,No,No,No,Yes,Yes,Rarely - Once a year or less ,"No, I have never engaged in collecting items.",No,No,No,Yes,No,No,No,No,No,No,No,No,No,No,No,No,No,No,No,No,No,No,No,No,No,No,No,No,No,No,No,No,Unknown,No,No,No,Unknown,No,No,No,No,No,No,No,No,No,No,No,No,Male, Student ,Single,Parents,No,No
R_3siDftODQsiTYRYes,45245.72YesNo4Yes6667,45245.72228NoNo926,IP Address,Yes79.Yes9.223.Yes93,No,anonymous,ES,Yes,45 - 54,"Currently enrolled or completed an undergraduate program (e.g., Bachelor's degree)",No,No,No,No,Yes,No,Yes,0,0,0,0,1,0,2,No,Yes,Yes,No,No,No,No,No,No,Yes, Evangelion                    ,(1995-1999), Anime/Series     ,Yes,Yes,No,No,No,No,No,No,Yes,No,No,No,No,No,No,No,No,No,No,No,No,Yes,No,No,No,No,No,No,Yes,No,No,No,No,No,Yes, Childhood favorite (I enjoyed it during my childhood) ,No,No,No,Yes,No,No,No,No,No,No,No,No,No,No,Unknown,No,No,No,No,No,No,No,No,No,No,No,Unknown,,No,No,No,No,No,No,No,No,No,No,No,No,No,No,No,No,No,No,No,No,No,No,No,No,No,No,No,No,No,No,No,No,Unknown,No,No,No,Unknown,No,No,No,No,No,No,No,No,No,No,No,No,Unknown,Unknown,Unknown,Familiar/shared,No,No
R_33vUtFbgQbHVipU,45252.8548No324No7,45252.858229Yes667,IP Address,Yes9Yes.95.Yes9.6,Yes,anonymous,ES,Yes,25-34,Completed a postgraduate degree,No,No,No,No,Yes,Yes,No,0,0,0,0,2,1,No,No,Yes,No,Yes,No,No,No,Yes,No,No,Court of Thorns and Roses,(2015-2019), Book             ,No,No,No,No,No,No,No,Yes,No,No,No,No,No,No,No,No,No,No,No,No,No,No,Yes,No,No,No,No,No,Yes,No,Yes,No,No,No,No,Fairly recent (Released in the past Yes-5 years) ,No,Yes,No,No,Yes,Yes,No,No,No,No,No,No,Yes,No,Moderately influence ,No,Yes,No,No,Yes,No,No,No,No,Yes,Yes,Occasionally - Once a month or a few times a year ,"No, I have never engaged in collecting items.",No,No,No,Yes,No,No,No,No,No,No,No,No,No,No,No,No,No,No,No,No,No,No,No,No,No,No,No,No,No,No,No,No,Unknown,No,No,No,Unknown,No,No,No,No,No,No,No,No,No,No,No,No,Female, Self-employed ,Single,Alone,No,No
R_2aX3jSK9l2w2reF,45253.32636574No7,45253.3289699No74,IP Address,24.YesYes4.54.96,Yes,qr,EN,Yes,Yes8 - 24,"Currently enrolled or completed an undergraduate program (e.g., Bachelor's degree)",Yes,No,No,Yes,No,No,No,2,0,0,1,0,0,No,Yes,No,Yes,Yes,Yes,Yes,Yes,No,Yes,Yes, Call of Duty                  ,(2000-2004), Video Game       ,Yes,No,No,Yes,No,No,No,No,No,No,No,No,No,Yes,No,No,No,No,No,No,No,No,No,No,No,No,Yes,No,No,No,Yes,Yes,Yes,Yes,Yes, Childhood favorite (I enjoyed it during my childhood) ,No,No,No,Yes,Yes,No,No,Yes,No,No,No,No,No,No,Moderately influence ,No,Yes,Yes,No,Yes,No,No,Yes,No,No,Yes,Occasionally - Once a month or a few times a year ,"Yes, I collect items casually from time to time.",No,No,Yes,No,No,No,No,No,No,No,No,Yes,No,Yes,No,No,No,Yes,No,No,Yes,Yes,Yes,No,Yes,Yes,No,No,Yes,No,No,No,Rarely - Once a year or less ,Yes,No,No, Emotional connection to the item ,No,No,Yes,No,No,No,No,Yes,No,No,No,No,Male, Student ,Single,Parents,No,Yes
R_2ckDxzNRRTwNmjL,45253.63YesYes458333,45253.6333YesNoYes852,IP Address,Yes99.7.Yes57.83,Yes,qr,EN,Yes,25-34,"Currently enrolled in a postgraduate program (e.g., Master's, Ph.D., MBA)",Yes,Yes,No,No,Yes,No,No,2,3,0,0,1,0,No,No,Yes,No,Yes,Yes,No,Yes,Yes,No,No, Friends                       ,(1990-1994), TV Series        ,No,No,No,No,Yes,No,No,No,No,No,No,No,No,No,No,No,No,No,No,No,No,No,Yes,No,No,No,Yes,Yes,No,Yes,Yes,No,No,No,No, Moderately old (Released more than 5 years ago) ,No,No,Yes,No,Yes,Yes,Yes,No,No,Yes,No,No,No,No,Moderately influence ,No,Yes,No,No,Yes,Yes,Yes,Yes,No,No,No,Rarely - Once a year or less ,"No, I have never engaged in collecting items.",No,No,No,Yes,No,No,No,No,No,No,No,No,No,No,No,No,No,No,No,No,No,No,No,No,No,No,No,No,No,No,No,No,Unknown,No,No,No,Unknown,No,No,No,No,No,No,No,No,No,No,No,No,Female, Employed part-time ,Married ,Familiar/shared,No,No
R_29h5tblaVej2NoVZ,45247.547NoYes38889,45247.54833,IP Address,Yes99.7.Yes56.246,No,qr,EN,Yes,Yes8 - 24,Unknown,No,Yes,No,No,Yes,No,No,0,1,0,0,2,0,No,Yes,Yes,Yes,No,No,No,No,No,Yes,Yes, One Piece                     ,(1995-1999), Anime/Series     ,No,No,Yes,Yes,No,No,No,No,Yes,No,No,No,No,No,No,No,No,No,No,No,No,No,No,No,No,No,No,No,Yes,No,No,No,No,No,Yes, Childhood favorite (I enjoyed it during my childhood) ,No,No,No,Yes,No,No,No,No,No,No,No,No,No,No,Unknown,No,No,No,No,No,No,No,No,No,No,No,Unknown,,No,No,No,No,No,No,No,No,No,No,No,No,No,No,No,No,No,No,No,No,No,No,No,No,No,No,No,No,No,No,No,No,Unknown,No,No,No,Unknown,No,No,No,No,No,No,No,No,No,No,No,No,Unknown,Unknown,Unknown,Unknown,No,No
R_28HEej9eCsUqubr,45247.64964Yes2No37,45247.65Yes33YesNoYes85,IP Address,Yes99.2Yes2.27.245,No,qr,EN,Yes,Yes8 - 24,Unknown,Yes,No,No,No,No,No,No,0,0,0,0,0,0,No,No,No,No,No,No,No,No,No,No,Yes, All of Us Are Dead            ,(2020-2024), TV Series        ,Yes,No,No,No,No,No,No,No,No,No,No,No,No,No,No,No,No,Yes,Yes,No,No,No,No,No,No,No,No,No,No,No,No,No,No,Yes,No,Recent (Released in the past year) ,No,No,No,No,Yes,No,No,No,No,No,No,No,Yes,No,Unknown,No,No,No,No,No,No,No,No,No,No,No,Unknown,,No,No,No,No,No,No,No,No,No,No,No,No,No,No,No,No,No,No,No,No,No,No,No,No,No,No,No,No,No,No,No,No,Unknown,No,No,No,Unknown,No,No,No,No,No,No,No,No,No,No,No,No,Unknown,Unknown,Unknown,Unknown,No,No
R_OdMkmLNK5ic7QWt,45247.7No89583333,45247.7YesNo729Yes667,IP Address,Yes86.YesNo2.YesYes6.YesNo8,No,anonymous,EN,Yes,25-34,Unknown,No,No,No,No,No,No,Yes,0,0,0,0,0,0,No,No,No,No,No,No,No,Yes,No,No,No, Joe                           ,Null, Unknown          ,No,No,No,No,No,No,No,No,No,No,No,No,No,No,No,No,No,No,No,No,No,No,No,No,No,No,No,No,Yes,Yes,No,No,No,No,No,Recent (Released in the past year) ,No,No,No,No,Yes,Yes,No,No,No,No,No,No,No,No,Moderately influence ,No,No,No,No,No,No,No,No,No,No,No,Unknown,,No,No,No,No,No,No,No,No,No,No,No,No,No,No,No,No,No,No,No,No,No,No,No,No,No,No,No,No,No,No,No,No,Unknown,No,No,No,Unknown,No,No,No,No,No,No,No,No,No,No,No,No,Unknown,Unknown,Unknown,Unknown,No,No
R_YesqUMVMnqskqGovYes,45247.9Yes99884259,45247.92Yes8No55556,IP Address,2No9.Yes7Yes.88.Yes28,No,qr,EN,Yes,Yes8 - 24,Unknown,No,Yes,No,Yes,No,No,No,0,2,0,1,0,0,No,No,No,No,Yes,No,No,No,No,No,No, Call of Duty                  ,(2000-2004), Video Game       ,Yes,No,No,Yes,No,No,No,No,No,No,No,No,No,Yes,No,No,No,No,No,No,No,No,No,No,No,No,Yes,No,No,No,No,Yes,Yes,No,No, Moderately old (Released more than 5 years ago) ,No,No,Yes,No,No,No,No,No,No,No,No,No,No,No,Unknown,No,No,No,No,No,No,No,No,No,No,No,Unknown,,No,No,No,No,No,No,No,No,No,No,No,No,No,No,No,No,No,No,No,No,No,No,No,No,No,No,No,No,No,No,No,No,Unknown,No,No,No,Unknown,No,No,No,No,No,No,No,No,No,No,No,No,Unknown,Unknown,Unknown,Unknown,No,No
R_2R2JuUv8bbqKpVH,45249.782No486YesYesYes,45249.7833449No74,IP Address,Yes9Yes.Yes56.45.Yes3Yes,No,anonymous,EN,Yes,Yes8 - 24,Unknown,Yes,No,No,No,No,No,No,0,0,0,0,0,0,No,No,Yes,No,No,No,No,No,Yes,No,No, How I Met Your Mother          ,(2000-2004), TV Series        ,No,No,No,No,Yes,No,No,No,No,No,No,No,No,No,No,No,No,No,No,No,No,No,Yes,No,No,No,Yes,No,No,No,No,No,No,Yes,Yes,Fairly recent (Released in the past Yes-5 years) ,No,Yes,No,No,No,No,No,No,No,No,No,No,No,Yes,Unknown,No,No,No,No,No,No,No,No,No,No,No,Unknown,"Yes, I have collected items in the past.",Yes,No,No,No,No,No,No,No,No,No,No,No,No,No,No,No,No,No,No,No,No,No,No,No,No,No,No,No,No,No,No,No,Unknown,No,No,No,Unknown,No,No,No,No,No,No,No,No,No,No,No,No,Unknown,Unknown,Unknown,Unknown,No,Yes
R_3G7zCQH6hBoKeJU,45249.828Yes597222,45249.83542824No7,IP Address,Yes9Yes.Yes56.25No.237,No,anonymous,ES,Yes,Yes8 - 24,Unknown,No,Yes,No,Yes,No,No,No,0,2,0,1,0,0,No,Yes,No,Yes,No,No,No,Yes,No,No,No, League Of Legends             ,(2005-2009), Video Game       ,No,Yes,Yes,No,No,No,No,No,No,No,No,No,No,No,No,No,No,No,No,No,No,No,No,Yes,No,No,No,No,No,Yes,Yes,No,Yes,No,No,Fairly recent (Released in the past Yes-5 years) ,No,Yes,No,No,Yes,No,No,Yes,No,No,No,No,No,No,Slightly influence ,No,Yes,No,No,No,Yes,Yes,No,No,No,Yes,Occasionally - Once a month or a few times a year ,,No,No,No,No,No,No,No,No,No,No,No,No,No,No,No,No,No,No,No,No,No,No,No,No,No,No,No,No,No,No,No,No,Unknown,No,No,No,Unknown,No,No,No,No,No,No,No,No,No,No,No,No,Unknown,Unknown,Unknown,Unknown,No,No
R_2blVEIL5ZqifOY9,4525No.4YesNo6Yes34259,4525No.4Yes247685Yes9,IP Address,Yes99.2Yes2.27.245,No,qr,EN,Yes,Yes8 - 24,Unknown,Yes,Yes,No,No,Yes,No,No,2,1,0,0,3,0,No,No,No,No,Yes,No,No,No,No,Yes,No, Black Clover                  ,(2015-2019), Anime/Series     ,No,No,No,Yes,Yes,No,No,Yes,Yes,No,No,No,No,No,No,No,No,No,No,No,No,No,No,No,No,No,No,No,No,Yes,No,No,No,No,No,Fairly recent (Released in the past Yes-5 years) ,No,Yes,No,No,Yes,Yes,No,No,No,No,No,No,No,No,Unknown,No,No,No,No,No,No,No,No,No,No,No,Unknown,,No,No,No,No,No,No,No,No,No,No,No,No,No,No,No,No,No,No,No,No,No,No,No,No,No,No,No,No,No,No,No,No,Unknown,No,No,No,Unknown,No,No,No,No,No,No,No,No,No,No,No,No,Unknown,Unknown,Unknown,Unknown,No,No
R_YesfYesNopPrxPlQ5Noor,4525No.74568287No4,4525No.7473958333,IP Address,Yes99.YesYes9.233.22Yes,No,qr,EN,Yes,Yes8 - 24,Unknown,No,Yes,No,No,No,No,No,0,0,0,0,0,0,No,Yes,Yes,No,No,No,Yes,No,Yes,Yes,Yes, One Piece                     ,(1995-1999), Anime/Series     ,No,No,Yes,Yes,No,No,No,No,Yes,No,No,No,No,No,No,No,No,No,No,No,No,No,No,No,No,No,Yes,No,Yes,No,Yes,No,Yes,No,Yes, Childhood favorite (I enjoyed it during my childhood) ,No,No,No,Yes,No,No,No,No,No,No,No,No,No,No,Unknown,No,No,No,No,No,No,No,No,No,No,No,Unknown,,No,No,No,No,No,No,No,No,No,No,No,No,No,No,No,No,No,No,No,No,No,No,No,No,No,No,No,No,No,No,No,No,Unknown,No,No,No,Unknown,No,No,No,No,No,No,No,No,No,No,No,No,Unknown,Unknown,Unknown,Unknown,No,No
R_YesJCUmW7tNoI47vmK,45252.65999,45252.66672,IP Address,24.YesYes4.5Yes.Yes44,No,qr,EN,Yes,Yes8 - 24,"Currently enrolled or completed an undergraduate program (e.g., Bachelor's degree)",Yes,Yes,No,Yes,No,No,No,3,1,0,2,0,0,No,No,No,No,No,No,Yes,Yes,No,Yes,No, Apex Legends                  ,(2015-2019), Video Game       ,No,No,No,No,No,No,No,No,No,No,No,No,No,No,No,No,No,No,No,No,No,No,No,Yes,No,No,No,No,No,No,No,Yes,Yes,No,No,Fairly recent (Released in the past Yes-5 years) ,No,Yes,No,No,Yes,No,No,Yes,No,No,No,No,No,No,Moderately influence ,No,No,No,No,No,No,No,No,No,Yes,Yes,Rarely - Once a year or less ,"Yes, I have collected items in the past.",Yes,No,No,No,No,No,No,No,No,No,No,No,Yes,No,No,No,No,Yes,No,No,Yes,No,No,No,No,Yes,No,No,No,No,No,No,Rarely - Once a year or less ,Yes,No,No, Price or affordability ,No,Yes,No,No,No,No,No,No,No,No,Yes,No,Male, Employed part-time ,Unknown,Unknown,No,Yes
R_3NwINoiSDIZY4UAj,45257.4Yes39236YesYesYes,45257.4Yes456NoYes852,IP Address,2No9.Yes7Yes.85.Yes42,No,qr,EN,Yes,Yes8 - 24,"Currently enrolled or completed an undergraduate program (e.g., Bachelor's degree)",Yes,No,No,No,Yes,Yes,No,1,0,0,0,3,2,No,No,Yes,No,Yes,No,Yes,No,No,No,No,Good Girls,(2020-2024), TV Series        ,Yes,No,No,No,Yes,No,No,No,No,No,No,No,No,No,Yes,No,No,No,No,No,No,No,No,No,Yes,No,No,No,No,No,Yes,No,No,No,Yes, Childhood favorite (I enjoyed it during my childhood) ,No,No,No,Yes,Yes,No,No,No,No,No,No,No,No,Yes,Unknown,No,No,No,No,No,No,No,No,No,No,No,Unknown,"No, I have never engaged in collecting items.",No,No,No,Yes,No,No,No,No,No,No,No,No,No,No,No,No,No,No,No,No,No,No,No,No,No,No,No,No,No,No,No,No,Unknown,No,No,No,Unknown,No,No,No,No,No,No,No,No,No,No,No,No,Female,Employed full-time ,Single,Parents,No,No
R_YesIDSPRSufyvD4Ci,45257.53997,45257.54339Yes2No37,IP Address,74.Yes98.Yes3Yes.Yes3No,No,qr,EN,Yes,45 - 54,"Currently enrolled in a postgraduate program (e.g., Master's, Ph.D., MBA)",No,No,No,No,No,Yes,No,0,0,0,0,0,0,No,No,No,Yes,No,No,No,Yes,Yes,No,No,Illuminati,(1980-1984),Board Game,No,Yes,Yes,No,No,No,No,No,No,No,No,No,No,No,No,No,No,No,No,No,No,No,No,No,No,No,No,No,Yes,No,No,No,No,No,Yes, Moderately old (Released more than 5 years ago) ,No,No,Yes,No,No,No,No,No,No,No,No,No,No,No,Unknown,No,No,No,No,No,No,No,No,No,No,No,Unknown,,No,No,No,No,No,No,No,No,No,No,No,No,No,No,No,No,No,No,No,No,No,No,No,No,No,No,No,No,No,No,No,No,Unknown,No,No,No,Unknown,No,No,No,No,No,No,No,No,No,No,No,No,Unknown,Unknown,Unknown,Unknown,No,No
