StartDate,EndDate,Status,IPAddress,Progress,Duration (in seconds),Finished,RecordedDate,ResponseId,RecipientLastName,RecipientFirstName,RecipientEmail,ExternalReference,LocationLatitude,LocationLongitude,DistributionChannel,UserLanguage,Introduction,Q2,Q3,Q4,Q4_7_TEXT,Q5_1,Q5_2,Q5_3,Q5_4,Q5_5,Q5_6,Q5_7,Q5_7_TEXT,Q6,Q7,Q8,Q8_10_TEXT,Q9,Q10,Q11,Q12,Q13,Q14,Q17,Q18,Q19,Q19_10_TEXT,Q20,Q20_7_TEXT,Q21,Q22,Q22_7_TEXT,Q23,Q24,Q25,Q26,Q27,Q27_6_TEXT
Start Date,End Date,Response Type,IP Address,Progress,Duration (in seconds),Finished,Recorded Date,Response ID,Recipient Last Name,Recipient First Name,Recipient Email,External Data Reference,Location Latitude,Location Longitude,Distribution Channel,User Language,"Welcome!

We invite you to embark on a journey of self-discovery through our exciting survey! ðŸš€ We're eager to unravel the mysteries behind your favorite intellectual properties, whether they be captivating movies, enthralling books, or immersive video games.



Your insights are invaluable to us as we seek to better understand your preferences. Your responses will be anonymous and confidential, used solely for research purposes.



Your participation is entirely voluntary. Thank you for your time and contributions.



Let's begin the survey.",What age group do you belong to?,Which of the following best describes your current education status?,Which of the following content and entertainment media sources are your favorites? (Select all that apply) - Selected Choice,Which of the following content and entertainment media sources are your favorites? (Select all that apply) - Other (please specify): - Text,"Among the options you've selected, please rank them in order of preference. (1 being the most favorite, 2 being the second most favorite, and so on) - TV shows/ Streaming services","Among the options you've selected, please rank them in order of preference. (1 being the most favorite, 2 being the second most favorite, and so on) - Cartoons/Anime","Among the options you've selected, please rank them in order of preference. (1 being the most favorite, 2 being the second most favorite, and so on) - Comic books ","Among the options you've selected, please rank them in order of preference. (1 being the most favorite, 2 being the second most favorite, and so on) - Video games ","Among the options you've selected, please rank them in order of preference. (1 being the most favorite, 2 being the second most favorite, and so on) - Movie theatres","Among the options you've selected, please rank them in order of preference. (1 being the most favorite, 2 being the second most favorite, and so on) - Books ","Among the options you've selected, please rank them in order of preference. (1 being the most favorite, 2 being the second most favorite, and so on) - Other (please specify):","Among the options you've selected, please rank them in order of preference. (1 being the most favorite, 2 being the second most favorite, and so on) - Other (please specify): - Text",What are the main reasons you prefer that over the others? (Select all that apply),"Now, Please provide the title or name of your favorite intellectual property, This could be your favorite TV show, movie,  video game, book, etc.
 (Only one)",What are the primary reasons [QID7-ChoiceTextEntryValue] is your favorite intellectual property ? (Select all that apply) - Selected Choice,What are the primary reasons [QID7-ChoiceTextEntryValue] is your favorite intellectual property ? (Select all that apply) - Other (please specify):  - Text,"When describing the age of your favorite intellectual property ([QID7-ChoiceTextEntryValue]), please choose the option that best fits:","Have you ever purchased a product related to ANY intellectual property from the categories mentioned earlier? (e.g.,  TV show, video game, book, etc.)",Which types of products related to your favorite IPs have you purchased in the past year? (Select all that apply),"When you find a product related to your favorite IPs, does it influence your decision to purchase it or not?",What emotions or factors motivate your decision to make a purchase product associated with those IPs? (Select all that apply),How often do you find yourself buying products related to your favorite intellectual properties (IPs in general)?,"Have you ever engaged in collecting items or objects? If so, please select the option that best describes your collecting experience:",What types of items do you collect or collected? (Select all that apply),What motivates you to collect items? (Select all that apply) - Selected Choice,What motivates you to collect items? (Select all that apply) - Other (please specify):  - Text,How do you acquire the items for your collection? (Select all that apply) - Selected Choice,How do you acquire the items for your collection? (Select all that apply) - Other (please specify):  - Text,How frequently do you add new items to your collection?,What is the main factor that influences your decision to add a new item to your collection? - Selected Choice,What is the main factor that influences your decision to add a new item to your collection? - Other (please specify):  - Text,Do you collect items or memorabilia related to your previously mentioned favorite IP?,Do you consider yourself a collector of items or memorabilia?,Gender:,Employment Status:,"What is your current household size, including yourself, and what is your marital status? - Selected Choice","What is your current household size, including yourself, and what is your marital status? - Other (please specify): - Text"
"{""ImportId"":""startDate"",""timeZone"":""America/Toronto""}","{""ImportId"":""endDate"",""timeZone"":""America/Toronto""}","{""ImportId"":""status""}","{""ImportId"":""ipAddress""}","{""ImportId"":""progress""}","{""ImportId"":""duration""}","{""ImportId"":""finished""}","{""ImportId"":""recordedDate"",""timeZone"":""America/Toronto""}","{""ImportId"":""_recordId""}","{""ImportId"":""recipientLastName""}","{""ImportId"":""recipientFirstName""}","{""ImportId"":""recipientEmail""}","{""ImportId"":""externalDataReference""}","{""ImportId"":""locationLatitude""}","{""ImportId"":""locationLongitude""}","{""ImportId"":""distributionChannel""}","{""ImportId"":""userLanguage""}","{""ImportId"":""QID1""}","{""ImportId"":""QID2""}","{""ImportId"":""QID3""}","{""ImportId"":""QID4""}","{""ImportId"":""QID4_7_TEXT""}","{""ImportId"":""QID5_1""}","{""ImportId"":""QID5_2""}","{""ImportId"":""QID5_3""}","{""ImportId"":""QID5_4""}","{""ImportId"":""QID5_5""}","{""ImportId"":""QID5_6""}","{""ImportId"":""QID5_7""}","{""ImportId"":""QID5_x7_TEXT""}","{""ImportId"":""QID6""}","{""ImportId"":""QID7_TEXT""}","{""ImportId"":""QID8""}","{""ImportId"":""QID8_10_TEXT""}","{""ImportId"":""QID9""}","{""ImportId"":""QID10""}","{""ImportId"":""QID11""}","{""ImportId"":""QID12""}","{""ImportId"":""QID13""}","{""ImportId"":""QID14""}","{""ImportId"":""QID17""}","{""ImportId"":""QID18""}","{""ImportId"":""QID19""}","{""ImportId"":""QID19_10_TEXT""}","{""ImportId"":""QID20""}","{""ImportId"":""QID20_7_TEXT""}","{""ImportId"":""QID21""}","{""ImportId"":""QID22""}","{""ImportId"":""QID22_7_TEXT""}","{""ImportId"":""QID30""}","{""ImportId"":""QID23""}","{""ImportId"":""QID24""}","{""ImportId"":""QID25""}","{""ImportId"":""QID26""}","{""ImportId"":""QID26_6_TEXT""}"
2023-11-12 13:02,2023-11-12 13:02,Survey Preview,,100,25,True,2023-11-12 13:02,R_1gnFroAtyHQBtrm,,,,,43.6836,-79.3732,anonymous,EN,"Yes, I consent",25-34,Completed a postgraduate degree,"Comic books ,Video games ,Other (please specify):",PLAY,,,,,,,,,,,,,,,,,,,,,,,,,,,,,,,,,
2023-11-12 13:06,2023-11-12 13:06,Survey Preview,,100,3,True,2023-11-12 13:06,R_3GCkTVqxdtxBkdB,,,,,43.6836,-79.3732,anonymous,EN,2,,,,,,,,,,,,,,,,,,,,,,,,,,,,,,,,,,,,,
2023-11-12 13:06,2023-11-12 13:06,Survey Preview,,100,6,True,2023-11-12 13:06,R_3n1oxhlIdRUQrOL,,,,,43.6836,-79.3732,anonymous,EN,"Yes, I consent",Under 18,,,,,,,,,,,,,,,,,,,,,,,,,,,,,,,,,,,,
2023-11-12 13:06,2023-11-12 13:06,Survey Preview,,100,7,True,2023-11-12 13:06,R_pmji15U4tDeuSyt,,,,,43.6836,-79.3732,anonymous,EN,"Yes, I consent",Prefer not to answer,,,,,,,,,,,,,,,,,,,,,,,,,,,,,,,,,,,,
2023-11-12 13:06,2023-11-12 13:07,Survey Preview,,100,12,True,2023-11-12 13:07,R_2fj5HAkZjzTl7pj,,,,,43.6836,-79.3732,anonymous,EN,"Yes, I consent",18 - 24,Completed a postgraduate degree,Movie theatres,,,,,,,,,,,,,,,,,,,,,,,,,,,,,,,,,,
2023-11-14 20:32,2023-11-14 20:37,Survey Preview,,100,281,True,2023-11-14 20:37,R_yR2mlrQ8DWm9cbf,,,,,43.6836,-79.3732,anonymous,EN,"Yes, I consent",18 - 24,Completed a postgraduate degree,Video games ,,,,,,,,,,"Emotional connection ,Imagination and creativity ",Titanic,Stunning visual or graphic design ,,Fairly recent (Released in the past 1-5 years) ,Yes ,Home decor/Posters ,Strongly influence ,Love and loyalty for the IP ,Occasionally - Once a month or a few times a year ,"Yes, I am currently actively collecting items.",6, Aesthetic appeal ,, Trade or swap with other collectors ,,Occasionally - Once a month or a few times a year , Rarity or uniqueness ,,"No, I don't collect items or memorabilia related to my favorite IP.",No,Male, Employed part-time ,"In a relationship, living together ",
2023-11-14 21:19,2023-11-14 21:37,IP Address,174.91.173.131,100,1057,True,2023-11-14 21:37,R_31veYSXn8RP0gPq,,,,,43.6836,-79.3732,anonymous,EN,"Yes, I consent",35 - 44,"Currently enrolled in a postgraduate program (e.g., Master's, Ph.D., MBA)","TV shows/ Streaming services,Cartoons/Anime,Comic books ,Movie theatres",,2,1,4,,3,,,,"Nostalgia ,Variety of topics and content ,Visual appeal ,Access to it ,Format preferences (e.g., interactivity in video games, portability in books, cinematic visuals in movies) ,Deeper storytelling ",Jurassic park,"Engaging storyline or plot ,Stunning visual or graphic design ,Memorable moments or scenes ,Nostalgia (Reminds you of your past or childhood) ",, Childhood favorite (I enjoyed it during my childhood) ,Yes ,"Clothing or apparel ,Comic books or graphic novels (related to the IP) ,Toys or action figures ,Board games/Trading card games ",Moderately influence ,"Connection to the IP's storyline or characters ,Nostalgia ,Love and loyalty for the IP ,Collectible value ,Personal connection to the IP ",Rarely - Once a year or less ,"Yes, I am currently actively collecting items.",," Investment potential , Social or community involvement , Aesthetic appeal , Personal satisfaction ",," Online marketplaces (e.g., eBay, Etsy, in-game Market) , Trade or swap with other collectors ",,Occasionally - Once a month or a few times a year ," Recognition or acknowledgment by others (e.g., peers, community) ",,"I used to collect items related to my favorite IP, but not anymore.",Yes,Male, Student ,Married ,
2023-11-15 8:47,2023-11-15 9:06,IP Address,66.234.32.120,100,1134,True,2023-11-15 9:06,R_ujICduFrYoPTB85,,,,,43.6547,-79.3623,anonymous,EN,"Yes, I consent",25-34,Completed a postgraduate degree,"TV shows/ Streaming services,Video games ,Movie theatres",,2,,,1,3,,,,"Nostalgia ,Variety of topics and content ,Visual appeal ,Deeper storytelling ,Imagination and creativity ",The Office,"Engaging storyline or plot ,Relatable characters ,Memorable moments or scenes ,High-quality writing ,Brings joy or humor, makes me happy ",, Moderately old (Released more than 5 years ago) ,Yes ,"Collectible figures or merchandise ,Toys or action figures ",Moderately influence ,"Excitement or Happiness ,Connection to the IP's storyline or characters ,Love and loyalty for the IP ,Personal connection to the IP ",Rarely - Once a year or less ,"Yes, I have collected items in the past.","Sports memorabilia ,Digital Items (e.g., digital collectibles, in-game items, NFTs) ,Trading cards /Board games","Nostalgia , Passion for the items or themes , Personal satisfaction ",," Purchase from retailers , Online marketplaces (e.g., eBay, Etsy, in-game Market) , Trade or swap with other collectors ,Acquired through opportunities (e.g., unexpected finds, special events)",,Rarely - Once a year or less , Emotional connection to the item ,,"No, I don't collect items or memorabilia related to my favorite IP.",No,Male, Student ,Married ,
2023-11-15 9:05,2023-11-15 9:07,IP Address,186.28.206.119,100,68,True,2023-11-15 9:07,R_1C6XmsCsY8Gz7zy,,,,,4.6389,-74.0728,anonymous,ES,"Yes, I consent",25-34,High school graduate or below,,,,,,,,,,,,,,,,,,,,,,,,,,,,,,,,,,,
2023-11-14 21:47,2023-11-15 9:59,IP Address,24.212.237.147,100,43902,True,2023-11-15 9:59,R_1pT1GbAvRxKvCOZ,,,,,43.6909,-79.3098,anonymous,EN,"Yes, I consent",35 - 44,"Currently enrolled in a postgraduate program (e.g., Master's, Ph.D., MBA)","TV shows/ Streaming services,Books ",,1,,,,,2,,,"Variety of topics and content ,Interactivity ,Access to it ,Deeper storytelling ,Intellectual stimulation ",Inglourious Basterds,"Engaging storyline or plot ,Stunning visual or graphic design ,Memorable moments or scenes ",, Moderately old (Released more than 5 years ago) ,No ,,,,,"No, I have never engaged in collecting items.",,,,,,,,,,,Female, Employed part-time ,Married ,
2023-11-15 10:18,2023-11-15 10:19,IP Address,85.221.134.151,100,23,True,2023-11-15 10:19,R_3MLPbLJxiYAojve,,,,,52.4052,16.9339,anonymous,EN,"Yes, I consent",Prefer not to answer,,,,,,,,,,,,,,,,,,,,,,,,,,,,,,,,,,,,
2023-11-15 10:20,2023-11-15 10:21,IP Address,85.221.134.151,100,17,True,2023-11-15 10:21,R_2BnFBYFSyhhggE5,,,,,52.4052,16.9339,anonymous,EN,"Yes, I consent",18 - 24,No education/ Not currently pursuing any formal education,,,,,,,,,,,,,,,,,,,,,,,,,,,,,,,,,,,
2023-11-15 10:23,2023-11-15 10:23,IP Address,85.221.134.151,100,13,True,2023-11-15 10:23,R_1jCE27940ScCBVC,,,,,52.4052,16.9339,anonymous,EN,"Yes, I consent",25-34,"Currently enrolled or completed an undergraduate program (e.g., Bachelor's degree)",,,,,,,,,,,,,,,,,,,,,,,,,,,,,,,,,,,
2023-11-15 11:18,2023-11-15 11:26,IP Address,181.235.91.242,100,481,True,2023-11-15 11:26,R_331EajlKjjqX5nv,,,,,11.0071,-74.8092,anonymous,ES,"Yes, I consent",25-34,Completed a postgraduate degree,"TV shows/ Streaming services,Movie theatres,Books ",,2,,,,1,3,,,"Visual appeal ,Format preferences (e.g., interactivity in video games, portability in books, cinematic visuals in movies) ,Imagination and creativity ",The royal Tenenbaums,"Engaging storyline or plot ,Stunning visual or graphic design ,Memorable moments or scenes ,Brings joy or humor, makes me happy ",, Moderately old (Released more than 5 years ago) ,Yes ,"Clothing or apparel ,Collectible figures or merchandise ,Home decor/Posters ",Moderately influence ,"Excitement or Happiness ,Connection to the IP's storyline or characters ,Personal connection to the IP ,Product quality or uniqueness  ,Promotions or discounts ",Occasionally - Once a month or a few times a year ,"Yes, I am currently actively collecting items.","Stamps and or Coins ,Artwork (e.g., paintings, drawings) ,Books, comics, or graphic novels ","Nostalgia , Passion for the items or themes , Historical interest , Personal satisfaction ",," Online marketplaces (e.g., eBay, Etsy, in-game Market) , Inherit or receive as gifts ,Acquired through opportunities (e.g., unexpected finds, special events)",,Very frequently - Multiple times a month , Emotional connection to the item ,,"Yes, I have a collection of items related to my favorite IP.",Yes,Female,Employed full-time ,Married with children ,
2023-11-15 11:28,2023-11-15 11:34,IP Address,191.95.24.203,100,352,True,2023-11-15 11:34,R_1EWE9ZDwAAgRzpV,,,,,11.0071,-74.8092,anonymous,ES,"Yes, I consent",25-34,Completed a postgraduate degree,"TV shows/ Streaming services,Cartoons/Anime,Video games ,Movie theatres",,4,2,,1,3,,,,"Visual appeal ,Imagination and creativity ",Superman ,"Memorable moments or scenes ,Nostalgia (Reminds you of your past or childhood) ",, Childhood favorite (I enjoyed it during my childhood) ,Yes ,"Collectible figures or merchandise ,Video games ",Slightly influence ,"Excitement or Happiness ,Nostalgia ,Collectible value ,Product quality or uniqueness  ",Occasionally - Once a month or a few times a year ,"Yes, I am currently actively collecting items.","Stamps and or Coins ,Action figures, toys or collectible merchandise ,Books, comics, or graphic novels ,Trading cards /Board games","Nostalgia , Investment potential , Passion for the items or themes , Aesthetic appeal , Completionist desire , Personal satisfaction ",," Purchase from retailers , Online marketplaces (e.g., eBay, Etsy, in-game Market) , Trade or swap with other collectors ,Acquired through opportunities (e.g., unexpected finds, special events)",,Occasionally - Once a month or a few times a year , Emotional connection to the item ,,"No, I don't collect items or memorabilia related to my favorite IP.",Yes,Male,Employed full-time ,"Single, living alone ",
2023-11-15 11:54,2023-11-15 11:59,IP Address,191.156.250.179,100,296,True,2023-11-15 11:59,R_O9kXrjlWI1rBIGZ,,,,,11.0071,-74.8092,anonymous,EN,"Yes, I consent",25-34,Completed a postgraduate degree,"TV shows/ Streaming services,Video games ",,2,,,1,,,,,"Interactivity ,Format preferences (e.g., interactivity in video games, portability in books, cinematic visuals in movies) ",Final fantasy,"Engaging storyline or plot ,Relatable characters ,Stunning visual or graphic design ,Immersive gameplay (for video games) ,Memorable moments or scenes ,Impactful messages or themes ,High-quality writing ,Nostalgia (Reminds you of your past or childhood) ",, Childhood favorite (I enjoyed it during my childhood) ,Yes ,"Video games ,Board games/Trading card games ",Strongly influence ,"Excitement or Happiness ,Connection to the IP's storyline or characters ,Product quality or uniqueness  ",Very frequently - Multiple times a month ,"Yes, I collect items casually from time to time.",Trading cards /Board games, Personal satisfaction ,," Online marketplaces (e.g., eBay, Etsy, in-game Market) ",,Occasionally - Once a month or a few times a year , Rarity or uniqueness ,,I have a few items related to my favorite IP.,No,Male,Employed full-time ,"Single, living alone ",
2023-11-15 11:54,2023-11-15 12:00,IP Address,186.82.87.113,100,394,True,2023-11-15 12:00,R_8qVPoYVzvh3US4x,,,,,10.4013,-75.5267,anonymous,ES,"Yes, I consent",25-34,Completed a postgraduate degree,"Cartoons/Anime,Comic books ,Video games ",,,3,2,1,,,,,"Emotional connection ,Variety of topics and content ,Visual appeal ,Deeper storytelling ,Intellectual stimulation ",yugioh,"Engaging storyline or plot ,Stunning visual or graphic design ,Immersive gameplay (for video games) ,Memorable moments or scenes ,Impactful messages or themes ,Brings joy or humor, makes me happy ",, Moderately old (Released more than 5 years ago) ,Yes ,"Clothing or apparel ,Collectible figures or merchandise ,Video games ,Board games/Trading card games ",Strongly influence ,"Excitement or Happiness ,Proud to support the IP ,Love and loyalty for the IP ,Collectible value ,Personal connection to the IP ",Very frequently - Multiple times a month ,"Yes, I am currently actively collecting items.",Trading cards /Board games," Passion for the items or themes , Aesthetic appeal , Completionist desire , Personal satisfaction ",," Purchase from retailers , Attend auctions or collectibles fairs , Online marketplaces (e.g., eBay, Etsy, in-game Market) , Trade or swap with other collectors ,Acquired through opportunities (e.g., unexpected finds, special events)",,Occasionally - Once a month or a few times a year , Rarity or uniqueness ,,"Yes, I have a collection of items related to my favorite IP.",Yes,Male,Employed full-time ,Married with children ,
2023-11-15 11:58,2023-11-15 12:03,IP Address,191.95.143.209,100,301,True,2023-11-15 12:03,R_3fP14Snu6jbZCux,,,,,10.4013,-75.5267,anonymous,ES,"Yes, I consent",25-34,Completed a postgraduate degree,"Cartoons/Anime,Video games ,Movie theatres",,,3,,1,2,,,,"Variety of topics and content ,Access to it ,Format preferences (e.g., interactivity in video games, portability in books, cinematic visuals in movies) ",Pokemon,Immersive gameplay (for video games) ,, Childhood favorite (I enjoyed it during my childhood) ,Yes ,"Collectible figures or merchandise ,Video games ,Home decor/Posters ,Toys or action figures ",Strongly influence ,"Excitement or Happiness ,Connection to the IP's storyline or characters ,Nostalgia ,Promotions or discounts ",Rarely - Once a year or less ,"Yes, I collect items casually from time to time.","Stamps and or Coins ,Action figures, toys or collectible merchandise ,Books, comics, or graphic novels ,Trading cards /Board games","Nostalgia , Passion for the items or themes , Aesthetic appeal , Personal satisfaction ",," Purchase from retailers , Online marketplaces (e.g., eBay, Etsy, in-game Market) ,Acquired through opportunities (e.g., unexpected finds, special events)",,Occasionally - Once a month or a few times a year , Price or affordability ,,"Yes, I have a collection of items related to my favorite IP.",Yes,Male, Employed part-time ,"Single, living alone ",
2023-11-15 16:54,2023-11-15 17:02,IP Address,190.109.28.1,100,530,True,2023-11-15 17:02,R_3MipfCv50kwjUin,,,,,11.0071,-74.8092,anonymous,ES,"Yes, I consent",25-34,"Currently enrolled or completed an undergraduate program (e.g., Bachelor's degree)","TV shows/ Streaming services,Cartoons/Anime,Video games ,Movie theatres",,2,1,,4,3,,,,"Emotional connection ,Nostalgia ,Visual appeal ,Format preferences (e.g., interactivity in video games, portability in books, cinematic visuals in movies) ,Imagination and creativity ",Naruto ,"Relatable characters ,Memorable moments or scenes ,Nostalgia (Reminds you of your past or childhood) ,Brings joy or humor, makes me happy ",, Childhood favorite (I enjoyed it during my childhood) ,Yes ,"Video games ,Board games/Trading card games ",Moderately influence ,"Nostalgia ,Product quality or uniqueness  ,Promotions or discounts ",Rarely - Once a year or less ,"No, I have never engaged in collecting items.",,,,,,,,,,,Male, Student ,Other (please specify):,"Soltero, en casa familiar "
2023-11-15 17:17,2023-11-15 17:18,IP Address,179.19.223.193,100,17,True,2023-11-15 17:18,R_DesvU9D8NicXg1r,,,,,6.2529,-75.5646,anonymous,ES,2,,,,,,,,,,,,,,,,,,,,,,,,,,,,,,,,,,,,,
2023-11-15 19:22,2023-11-15 19:23,IP Address,72.143.195.75,100,27,True,2023-11-15 19:23,R_21tg3yGgSJGgVnA,,,,,43.7012,-79.3877,anonymous,EN,"Yes, I consent",Prefer not to answer,,,,,,,,,,,,,,,,,,,,,,,,,,,,,,,,,,,,
2023-11-15 20:28,2023-11-15 20:32,IP Address,142.126.251.214,100,266,True,2023-11-15 20:32,R_2QWc8FspTx0tdF7,,,,,43.7693,-79.2444,anonymous,EN,"Yes, I consent",25-34,"Currently enrolled in a postgraduate program (e.g., Master's, Ph.D., MBA)","TV shows/ Streaming services,Cartoons/Anime,Movie theatres",,2,1,,,3,,,,Nostalgia ,The Office,"Engaging storyline or plot ,Relatable characters ,Impactful messages or themes ,High-quality writing ,Nostalgia (Reminds you of your past or childhood) ,Brings joy or humor, makes me happy ",, Moderately old (Released more than 5 years ago) ,Yes ,"Collectible figures or merchandise ,Comic books or graphic novels (related to the IP) ,Home decor/Posters ,Toys or action figures ",Slightly influence ,"Excitement or Happiness ,Connection to the IP's storyline or characters ,Proud to support the IP ,Nostalgia ,Collectible value ,Personal connection to the IP ",Rarely - Once a year or less ,"Yes, I have collected items in the past.","Action figures, toys or collectible merchandise ","Nostalgia , Aesthetic appeal , Personal satisfaction ",," Purchase from retailers ,Acquired through opportunities (e.g., unexpected finds, special events)",,Rarely - Once a year or less , Emotional connection to the item ,,I have a few items related to my favorite IP.,No,Male, Unemployed ,Married ,
2023-11-15 21:05,2023-11-15 21:21,IP Address,174.94.2.165,100,977,True,2023-11-15 21:21,R_1mDHkTIbYDkFm7W,,,,,43.7922,-79.1523,anonymous,EN,"Yes, I consent",35 - 44,"Currently enrolled in a postgraduate program (e.g., Master's, Ph.D., MBA)","TV shows/ Streaming services,Movie theatres,Books ,Other (please specify):","Social media, newspapers",2,,,,4,3,1,,"Emotional connection ,Visual appeal ,Access to it ",Reality show,"Engaging storyline or plot ,Stunning visual or graphic design ,Brings joy or humor, makes me happy ",,Recent (Released in the past year) ,Yes ,None of these ,,,,"Yes, I have collected items in the past.","Stamps and or Coins ,Artwork (e.g., paintings, drawings) "," Passion for the items or themes , Aesthetic appeal , Personal satisfaction ",," Purchase from retailers , Inherit or receive as gifts ,Acquired through opportunities (e.g., unexpected finds, special events)",,Very frequently - Multiple times a month , Price or affordability ,,"No, I don't collect items or memorabilia related to my favorite IP.",No,Female, Student ,"Single, with children ",
2023-11-15 21:57,2023-11-15 22:03,IP Address,70.53.14.4,100,311,True,2023-11-15 22:03,R_bdBjlr2wNivl0C5,,,,,43.7282,-79.2323,anonymous,EN,"Yes, I consent",25-34,Completed a postgraduate degree,"TV shows/ Streaming services,Video games ,Movie theatres",,1,,,3,2,,,,"Variety of topics and content ,Visual appeal ,Deeper storytelling ,Imagination and creativity ",cooking shows,"Memorable moments or scenes ,Brings joy or humor, makes me happy ",, Childhood favorite (I enjoyed it during my childhood) ,Yes ,Home decor/Posters ,Moderately influence ,"Collectible value ,Product quality or uniqueness  ,Promotions or discounts ",Occasionally - Once a month or a few times a year ,"Yes, I have collected items in the past.","Vintage or antique Ã­tems ,music memorabilia (e.g., vinyl records, concert posters) ,Digital Items (e.g., digital collectibles, in-game items, NFTs) ", Passion for the items or themes ,, Inherit or receive as gifts ,,Occasionally - Once a month or a few times a year , Recommendations from other collectors ,,I have a few items related to my favorite IP.,Yes,Female, Student ,"In a relationship, living together ",
2023-11-16 7:39,2023-11-16 7:43,IP Address,191.156.182.223,100,273,True,2023-11-16 7:43,R_3lWGgnmoXV74Mo2,,,,,4.66,-74.1534,anonymous,ES,"Yes, I consent",25-34,Completed a postgraduate degree,"TV shows/ Streaming services,Cartoons/Anime,Video games ,Movie theatres,Books ",,,3,,4,,,,,"Emotional connection ,Variety of topics and content ,Interactivity ,Format preferences (e.g., interactivity in video games, portability in books, cinematic visuals in movies) ,Deeper storytelling ,Intellectual stimulation ",Caballeros del zodiaco,"Engaging storyline or plot ,Stunning visual or graphic design ,Impactful messages or themes ,Nostalgia (Reminds you of your past or childhood) ",, Childhood favorite (I enjoyed it during my childhood) ,Yes ,"Collectible figures or merchandise ,Video games ,Toys or action figures ,Board games/Trading card games ",Strongly influence ,"Connection to the IP's storyline or characters ,Proud to support the IP ,Nostalgia ,Love and loyalty for the IP ,Personal connection to the IP ,Product quality or uniqueness  ,Promotions or discounts ",Occasionally - Once a month or a few times a year ,"Yes, I have collected items in the past.","Stamps and or Coins ,Action figures, toys or collectible merchandise ,Books, comics, or graphic novels ,DVDs, Blu-rays, or other media ,Digital Items (e.g., digital collectibles, in-game items, NFTs) ,Trading cards /Board games","Nostalgia , Passion for the items or themes , Aesthetic appeal , Historical interest , Completionist desire , Personal satisfaction ",," Purchase from retailers , Trade or swap with other collectors , Inherit or receive as gifts ,Acquired through opportunities (e.g., unexpected finds, special events)",,Occasionally - Once a month or a few times a year , Price or affordability ,,I have a few items related to my favorite IP.,Yes,Male, Employed part-time ,"Single, living alone ",
2023-11-16 9:35,2023-11-16 9:41,IP Address,202.184.135.90,100,405,True,2023-11-16 9:41,R_1ff3aOZfpjuaZuE,,,,,3.1408,101.6852,anonymous,EN,"Yes, I consent",25-34,Completed a postgraduate degree,"TV shows/ Streaming services,Cartoons/Anime,Video games ,Movie theatres",,4,3,,1,2,,,,"Nostalgia ,Variety of topics and content ,Interactivity ,Imagination and creativity ,Intellectual stimulation ",League of legends,"Engaging storyline or plot ,Relatable characters ,Immersive gameplay (for video games) ,Memorable moments or scenes ,Impactful messages or themes ",, Moderately old (Released more than 5 years ago) ,Yes ,Video games ,Strongly influence ,"Connection to the IP's storyline or characters ,Love and loyalty for the IP ,Collectible value ,Personal connection to the IP ,Promotions or discounts ",Very frequently - Multiple times a month ,"Yes, I am currently actively collecting items.","Action figures, toys or collectible merchandise ,Digital Items (e.g., digital collectibles, in-game items, NFTs) ,Trading cards /Board games","Nostalgia , Investment potential , Passion for the items or themes , Social or community involvement , Aesthetic appeal , Personal satisfaction ",," Purchase from retailers , Attend auctions or collectibles fairs , Online marketplaces (e.g., eBay, Etsy, in-game Market) , Trade or swap with other collectors , Inherit or receive as gifts ,Acquired through opportunities (e.g., unexpected finds, special events)",,Very frequently - Multiple times a month , Emotional connection to the item ,,"Yes, I have a collection of items related to my favorite IP.",Yes,Male,Employed full-time ,"Single, living alone ",
2023-11-16 13:39,2023-11-16 13:49,IP Address,174.91.173.131,100,581,True,2023-11-16 13:49,R_26mBdn5dyGvkqTH,,,,,43.6836,-79.3732,anonymous,EN,"Yes, I consent",25-34,,"TV shows/ Streaming services,Cartoons/Anime,Video games ,Movie theatres",,1,2,,4,3,,,,"Interactivity ,Imagination and creativity ,Intellectual stimulation ",Assassins creed games,"Engaging storyline or plot ,Stunning visual or graphic design ,Immersive gameplay (for video games) ,Brings joy or humor, makes me happy ",, Moderately old (Released more than 5 years ago) ,Yes ,Video games ,Slightly influence ,It is indifferent to me ,Rarely - Once a year or less ,"No, I have never engaged in collecting items.",,,,,,,,,,,Female,Employed full-time ,Married ,
2023-11-16 13:49,2023-11-16 13:54,IP Address,191.95.53.252,100,296,True,2023-11-16 13:54,R_23frnSHsI5POyVj,,,,,4.6913,-74.032,anonymous,ES,"Yes, I consent",25-34,,TV shows/ Streaming services,,,,,,,,,,Access to it ,Suits,Engaging storyline or plot ,,Fairly recent (Released in the past 1-5 years) ,No ,,,,,"No, I have never engaged in collecting items.",,,,,,,,,,,Female, Unemployed ,"Single, living alone ",
2023-11-16 13:52,2023-11-16 14:01,IP Address,156.34.40.188,100,560,True,2023-11-16 14:01,R_2tGv0VVXgt6NHIz,,,,,46.0965,-64.8007,anonymous,ES,"Yes, I consent",35 - 44,,Other (please specify):,Redes sociales ,,,,,,,,,"Variety of topics and content ,Interactivity ",Instagram,"Relatable characters ,Impactful messages or themes ,Brings joy or humor, makes me happy ",, Moderately old (Released more than 5 years ago) ,Yes ,"Clothing or apparel ,Makeup or beauty products ",Slightly influence ,Promotions or discounts ,Occasionally - Once a month or a few times a year ,"No, I have never engaged in collecting items.",,,,,,,,,,,Female, Student ,Married ,
2023-11-16 14:57,2023-11-16 15:07,IP Address,181.235.90.33,100,598,True,2023-11-16 15:07,R_3oAALvjKHeqVfVQ,,,,,11.0071,-74.8092,anonymous,ES,"Yes, I consent",35 - 44,,"TV shows/ Streaming services,Cartoons/Anime,Comic books ,Video games ,Movie theatres",,4,2,5,1,3,,,,"Emotional connection ,Variety of topics and content ,Visual appeal ,Format preferences (e.g., interactivity in video games, portability in books, cinematic visuals in movies) ,Intellectual stimulation ",Halo,"Engaging storyline or plot ,Relatable characters ,Immersive gameplay (for video games) ,Memorable moments or scenes ",, Moderately old (Released more than 5 years ago) ,Yes ,"Clothing or apparel ,Collectible figures or merchandise ,Video games ,Comic books or graphic novels (related to the IP) ,Toys or action figures ",Moderately influence ,"Excitement or Happiness ,Connection to the IP's storyline or characters ,Nostalgia ,Love and loyalty for the IP ",Rarely - Once a year or less ,"Yes, I have collected items in the past.","Action figures, toys or collectible merchandise ,Books, comics, or graphic novels ","Nostalgia , Passion for the items or themes , Personal satisfaction ",," Purchase from retailers , Attend auctions or collectibles fairs ,Acquired through opportunities (e.g., unexpected finds, special events)",,Rarely - Once a year or less , Emotional connection to the item ,,I have a few items related to my favorite IP.,Yes,Male,Employed full-time ,Married ,
2023-11-16 19:08,2023-11-16 19:18,IP Address,70.191.3.180,100,574,True,2023-11-16 19:18,R_3O17nIfJvqWdQF7,,,,,36.175,-115.1372,anonymous,ES,"Yes, I consent",25-34,,"TV shows/ Streaming services,Cartoons/Anime,Comic books ,Video games ,Movie theatres",,5,1,4,2,3,,,,"Emotional connection ,Visual appeal ,Format preferences (e.g., interactivity in video games, portability in books, cinematic visuals in movies) ,Deeper storytelling ,Imagination and creativity ",Sword Art Online ,"Engaging storyline or plot ,Relatable characters ,Stunning visual or graphic design ,Immersive gameplay (for video games) ,Memorable moments or scenes ,Nostalgia (Reminds you of your past or childhood) ,Brings joy or humor, makes me happy ",, Moderately old (Released more than 5 years ago) ,Yes ,"Collectible figures or merchandise ,Video games ,Comic books or graphic novels (related to the IP) ,Home decor/Posters ",Moderately influence ,Promotions or discounts ,Occasionally - Once a month or a few times a year ,"Yes, I collect items casually from time to time.",Other (please specify): , Passion for the items or themes ,, Other (please specify): ,Comprarlos en preventa ,Occasionally - Once a month or a few times a year , Emotional connection to the item ,,I have a few items related to my favorite IP.,No,Female,Prefer not to answer ,Married with children ,
2023-11-17 13:36,2023-11-17 13:47,IP Address,190.84.116.243,100,677,True,2023-11-17 13:47,R_PzDevnpGMUhy0qR,,,,,11.0071,-74.8092,anonymous,EN,"Yes, I consent",25-34,,"TV shows/ Streaming services,Cartoons/Anime,Video games ,Movie theatres,Other (please specify):",Board games,2,4,,5,3,,1,,"Emotional connection ,Visual appeal ,Interactivity ,Access to it ,Format preferences (e.g., interactivity in video games, portability in books, cinematic visuals in movies) ,Imagination and creativity ,Intellectual stimulation ","Dark, the Netflix serie","Relatable characters ,Memorable moments or scenes ,Impactful messages or themes ,High-quality writing ",,Fairly recent (Released in the past 1-5 years) ,Yes ,"Clothing or apparel ,Video games ,Board games/Trading card games ",Moderately influence ,"Excitement or Happiness ,Love and loyalty for the IP ,Personal connection to the IP ",Occasionally - Once a month or a few times a year ,"Yes, I collect items casually from time to time.",Trading cards /Board games," Passion for the items or themes , Personal satisfaction ",," Purchase from retailers , Online marketplaces (e.g., eBay, Etsy, in-game Market) ",,Occasionally - Once a month or a few times a year , Rarity or uniqueness ,,"No, I don't collect items or memorabilia related to my favorite IP.",No,Male,Employed full-time ,"Single, living alone ",
2023-11-17 13:29,2023-11-17 13:56,IP Address,190.145.234.157,100,1613,True,2023-11-17 13:56,R_1im3nSsUbuOXIYi,,,,,11.0071,-74.8092,anonymous,EN,"Yes, I consent",25-34,,"TV shows/ Streaming services,Books ",,1,,,,,2,,,"Emotional connection ,Variety of topics and content ,Imagination and creativity ",The 48 laws of power,"Impactful messages or themes ,High-quality writing ",, Moderately old (Released more than 5 years ago) ,Yes ,Clothing or apparel ,Do not influence ,Personal connection to the IP ,Rarely - Once a year or less ,"No, I have never engaged in collecting items.",,,,,,,,,,,Female,Employed full-time ,"Single, living alone ",
2023-11-17 15:08,2023-11-17 15:15,IP Address,181.49.140.93,100,419,True,2023-11-17 15:15,R_1Ho9ic5S41UZmpf,,,,,4.6115,-74.0833,anonymous,ES,"Yes, I consent",25-34,,"Movie theatres,Books ",,,,,,,,,,"Emotional connection ,Visual appeal ,Imagination and creativity ",Game of Thrones,"Engaging storyline or plot ,Relatable characters ,Stunning visual or graphic design ,Memorable moments or scenes ,High-quality writing ",,Fairly recent (Released in the past 1-5 years) ,No ,,,,,"Yes, I collect items casually from time to time.",Other (please specify): ," Passion for the items or themes , Aesthetic appeal ",,"Acquired through opportunities (e.g., unexpected finds, special events)",,Occasionally - Once a month or a few times a year , Rarity or uniqueness ,,"No, I don't collect items or memorabilia related to my favorite IP.",No,Male,Employed full-time ,"Single, living alone ",
2023-11-17 15:24,2023-11-17 15:24,IP Address,209.171.85.248,100,13,True,2023-11-17 15:24,R_3fTqeTluPYrEwxP,,,,,43.6982,-79.4072,qr,EN,"Yes, I consent",Prefer not to answer,,,,,,,,,,,,,,,,,,,,,,,,,,,,,,,,,,,,
2023-11-17 15:26,2023-11-17 15:33,IP Address,186.84.21.87,100,398,True,2023-11-17 15:33,R_O3aQOuS6SLukXnz,,,,,4.6115,-74.0833,anonymous,ES,"Yes, I consent",25-34,,Movie theatres,,,,,,,,,,Emotional connection ,The dreamers (pelicula),Relatable characters ,, Moderately old (Released more than 5 years ago) ,Yes ,None of these ,,,,"Yes, I have collected items in the past.",Other (please specify): , Completionist desire ,, Inherit or receive as gifts ,,Rarely - Once a year or less , Emotional connection to the item ,,"No, I don't collect items or memorabilia related to my favorite IP.",No,Male,Employed full-time ,Other (please specify):,Soltero viviendo con amigos
2023-11-17 15:49,2023-11-17 15:56,IP Address,199.7.156.244,100,417,True,2023-11-17 15:56,R_2YVxbm8AJ820mYV,,,,,43.6906,-79.4812,qr,EN,"Yes, I consent",18 - 24,,TV shows/ Streaming services,,,,,,,,,,"Variety of topics and content ,Interactivity ,Access to it ,Format preferences (e.g., interactivity in video games, portability in books, cinematic visuals in movies) ",It ends with us,"Memorable moments or scenes ,High-quality writing ,Brings joy or humor, makes me happy ",,Fairly recent (Released in the past 1-5 years) ,Yes ,"Clothing or apparel ,Makeup or beauty products ",Moderately influence ,"Excitement or Happiness ,Connection to the IP's storyline or characters ,Personal connection to the IP ,Product quality or uniqueness  ,Promotions or discounts ",Rarely - Once a year or less ,"Yes, I have collected items in the past.","Stamps and or Coins ,Action figures, toys or collectible merchandise "," Passion for the items or themes , Historical interest , Personal satisfaction ",, Inherit or receive as gifts ,,Rarely - Once a year or less , Rarity or uniqueness ,,I have a few items related to my favorite IP.,No,Female, Student ,"Single, living alone ",
2023-11-17 19:17,2023-11-17 19:19,IP Address,72.136.98.152,100,103,True,2023-11-17 19:19,R_3h6zFuB85V6NHja,,,,,43.6882,-79.4539,qr,EN,"Yes, I consent",18 - 24,,"TV shows/ Streaming services,Movie theatres",,,,,,,,,,"Nostalgia ,Variety of topics and content ,Intellectual stimulation ",TV show,"Relatable characters ,Stunning visual or graphic design ",,Fairly recent (Released in the past 1-5 years) ,No ,,,,,,Sports memorabilia , Investment potential ,, Attend auctions or collectibles fairs ,,Occasionally - Once a month or a few times a year , Price or affordability ,,"No, I don't collect items or memorabilia related to my favorite IP.",Yes,Male, Student ,"Single, living alone ",
2023-11-17 21:18,2023-11-17 21:22,IP Address,184.148.77.155,100,254,True,2023-11-17 21:22,R_s70TvsRrj8zmdmV,,,,,43.767,-79.1828,anonymous,EN,"Yes, I consent",18 - 24,,"TV shows/ Streaming services,Video games ",,2,,,1,,,,,"Emotional connection ,Nostalgia ",Friends ,"Nostalgia (Reminds you of your past or childhood) ,Brings joy or humor, makes me happy ",, Childhood favorite (I enjoyed it during my childhood) ,Yes ,"Video games ,Toys or action figures ",Strongly influence ,It is indifferent to me ,Rarely - Once a year or less ,"Yes, I have collected items in the past.","Books, comics, or graphic novels ", Personal satisfaction ,, Purchase from retailers ,,Rarely - Once a year or less , Emotional connection to the item ,,I have a few items related to my favorite IP.,No,Male, Student ,"Single, living alone ",
2023-11-18 11:13,2023-11-18 11:13,IP Address,69.158.246.50,100,17,True,2023-11-18 11:13,R_2sYF2LXgoD4unIT,,,,,43.7306,-79.4217,qr,EN,"Yes, I consent",Prefer not to answer,,,,,,,,,,,,,,,,,,,,,,,,,,,,,,,,,,,,
2023-11-18 12:24,2023-11-18 12:28,IP Address,191.108.155.123,100,268,True,2023-11-18 12:28,R_330ULdfrufNOm2T,,,,,8.7438,-75.8777,anonymous,ES,"Yes, I consent",35 - 44,,"TV shows/ Streaming services,Movie theatres,Books ",,,,,,,,,,Access to it ,gap the series,"Engaging storyline or plot ,Brings joy or humor, makes me happy ",,Recent (Released in the past year) ,Yes ,Collectible figures or merchandise ,Moderately influence ,"Excitement or Happiness ,Collectible value ",Occasionally - Once a month or a few times a year ,"Yes, I have collected items in the past.","Action figures, toys or collectible merchandise ,Digital Items (e.g., digital collectibles, in-game items, NFTs) "," Aesthetic appeal , Personal satisfaction ",," Purchase from retailers , Attend auctions or collectibles fairs ",,Occasionally - Once a month or a few times a year , Price or affordability ,,"Yes, I have a collection of items related to my favorite IP.",No,Female, Unemployed ,"In a relationship, living together ",
2023-11-18 13:53,2023-11-18 13:58,IP Address,69.157.160.65,100,273,True,2023-11-18 13:58,R_3je5O26vjCrWYnA,,,,,45.5212,-73.5524,anonymous,ES,"Yes, I consent",35 - 44,,"Cartoons/Anime,Movie theatres",,,,,,,,,,Imagination and creativity ,Attack on titan ,Engaging storyline or plot ,,Recent (Released in the past year) ,No ,,,,,"No, I have never engaged in collecting items.",,,,,,,,,,,Non-binary / non-conforming,Employed full-time ,"In a relationship, living together ",
2023-11-18 14:02,2023-11-18 14:07,IP Address,204.48.94.24,100,320,True,2023-11-18 14:07,R_1LCJYL3Ooo3sNU7,,,,,45.4554,-73.5946,anonymous,EN,"Yes, I consent",35 - 44,,"TV shows/ Streaming services,Cartoons/Anime,Movie theatres",,2,1,,,3,,,,"Emotional connection ,Variety of topics and content ,Visual appeal ,Deeper storytelling ,Imagination and creativity ,Intellectual stimulation ",Attack of titans,"Engaging storyline or plot ,Stunning visual or graphic design ,Memorable moments or scenes ,High-quality writing ",, Moderately old (Released more than 5 years ago) ,Yes ,"Clothing or apparel ,Collectible figures or merchandise ,Comic books or graphic novels (related to the IP) ,Home decor/Posters ,Toys or action figures ",Moderately influence ,"Connection to the IP's storyline or characters ,Personal connection to the IP ,Product quality or uniqueness  ",Occasionally - Once a month or a few times a year ,"Yes, I collect items casually from time to time.","Artwork (e.g., paintings, drawings) ,Vintage or antique Ã­tems ,Action figures, toys or collectible merchandise ,Books, comics, or graphic novels ","Nostalgia , Passion for the items or themes , Aesthetic appeal , Historical interest , Personal satisfaction ",," Purchase from retailers , Online marketplaces (e.g., eBay, Etsy, in-game Market) , Inherit or receive as gifts ,Acquired through opportunities (e.g., unexpected finds, special events)",,Occasionally - Once a month or a few times a year , Price or affordability ,,"Yes, I have a collection of items related to my favorite IP.",No,Male,Employed full-time ,Married ,
2023-11-18 22:49,2023-11-18 22:54,IP Address,199.7.157.19,100,298,True,2023-11-18 22:54,R_bJCK3sKdy0C5H2x,,,,,43.6547,-79.3623,qr,EN,"Yes, I consent",25-34,,"TV shows/ Streaming services,Cartoons/Anime,Comic books ,Video games ,Movie theatres",,2,4,5,1,3,,,,"Variety of topics and content ,Visual appeal ,Interactivity ,Imagination and creativity ",Midnight Mass,"Engaging storyline or plot ,Relatable characters ,Stunning visual or graphic design ,Memorable moments or scenes ,Impactful messages or themes ,High-quality writing ",,Fairly recent (Released in the past 1-5 years) ,No ,,,,,"Yes, I collect items casually from time to time.","Artwork (e.g., paintings, drawings) ,Vintage or antique Ã­tems "," Passion for the items or themes , Aesthetic appeal , Historical interest , Personal satisfaction ",," Purchase from retailers , Online marketplaces (e.g., eBay, Etsy, in-game Market) , Inherit or receive as gifts ,Acquired through opportunities (e.g., unexpected finds, special events)",,Occasionally - Once a month or a few times a year , Rarity or uniqueness ,,"No, I don't collect items or memorabilia related to my favorite IP.",No,Male,Employed full-time ,Other (please specify):,Single w a Roommate 
2023-11-19 14:02,2023-11-19 14:05,IP Address,142.181.216.205,100,186,True,2023-11-19 14:05,R_1NlwFPaAmuAmC7h,,,,,43.6547,-79.3623,anonymous,ES,"Yes, I consent",35 - 44,,"Video games ,Movie theatres",,,,,2,1,,,,"Imagination and creativity ,Intellectual stimulation ",Back to the future,"Engaging storyline or plot ,Stunning visual or graphic design ,Memorable moments or scenes ",, Moderately old (Released more than 5 years ago) ,No ,,,,,"Yes, I collect items casually from time to time.","Action figures, toys or collectible merchandise ,Books, comics, or graphic novels ","Nostalgia , Aesthetic appeal , Historical interest ",," Trade or swap with other collectors , Inherit or receive as gifts ",,Rarely - Once a year or less , Price or affordability ,,"Yes, I have a collection of items related to my favorite IP.",No,Male,Employed full-time ,Married ,
2023-11-19 18:40,2023-11-19 18:40,IP Address,190.9.248.16,100,9,True,2023-11-19 18:40,R_3Nx1HpHGDF24MbB,,,,,6.2529,-75.5646,anonymous,EN,"Yes, I consent",Under 18,,,,,,,,,,,,,,,,,,,,,,,,,,,,,,,,,,,,
2023-11-19 18:40,2023-11-19 18:41,IP Address,190.9.248.16,100,7,True,2023-11-19 18:41,R_3EFQfwigHc2TWpd,,,,,6.2529,-75.5646,anonymous,EN,"Yes, I consent",Prefer not to answer,,,,,,,,,,,,,,,,,,,,,,,,,,,,,,,,,,,,
2023-11-19 18:38,2023-11-19 18:49,IP Address,191.156.247.128,100,679,True,2023-11-19 18:49,R_3qgOhWeD2SYXeMm,,,,,11.0071,-74.8092,anonymous,ES,"Yes, I consent",18 - 24,,"TV shows/ Streaming services,Cartoons/Anime,Video games ,Movie theatres",,4,2,,3,1,,,,"Visual appeal ,Interactivity ,Format preferences (e.g., interactivity in video games, portability in books, cinematic visuals in movies) ,Imagination and creativity ",.,"Brings joy or humor, makes me happy ",, Moderately old (Released more than 5 years ago) ,Not sure,None of these ,,,,"Yes, I have collected items in the past.",Vintage or antique Ã­tems , Personal satisfaction ,," Purchase from retailers , Inherit or receive as gifts ",,Rarely - Once a year or less , Rarity or uniqueness ,,"No, I don't collect items or memorabilia related to my favorite IP.",No,Male,Employed full-time ,"Single, living alone ",
2023-11-19 19:08,2023-11-19 19:08,IP Address,191.156.249.116,100,11,True,2023-11-19 19:08,R_1Q0lUnZsHeRZLez,,,,,4.6115,-74.0833,anonymous,ES,"Yes, I consent",Under 18,,,,,,,,,,,,,,,,,,,,,,,,,,,,,,,,,,,,
2023-11-19 19:07,2023-11-19 19:10,IP Address,181.58.39.41,100,160,True,2023-11-19 19:10,R_1JOCWuAoRUptoR9,,,,,6.1561,-75.6208,anonymous,ES,"Yes, I consent",18 - 24,,Video games ,,,,,,,,,,"Nostalgia ,Interactivity ",SÃºper Mario 64,"Stunning visual or graphic design ,Immersive gameplay (for video games) ,Nostalgia (Reminds you of your past or childhood) ,Brings joy or humor, makes me happy ",, Childhood favorite (I enjoyed it during my childhood) ,No ,,,,,"Yes, I have collected items in the past.","Action figures, toys or collectible merchandise ","Nostalgia , Passion for the items or themes , Aesthetic appeal , Personal satisfaction ",, Purchase from retailers ,,Rarely - Once a year or less , Price or affordability ,,"Yes, I have a collection of items related to my favorite IP.",No,Female, Student ,"Single, living alone ",
2023-11-19 19:08,2023-11-19 19:11,IP Address,181.52.67.194,100,199,True,2023-11-19 19:11,R_BQdbkItXzAObByF,,,,,8.7438,-75.8777,anonymous,ES,"Yes, I consent",18 - 24,,Movie theatres,,,,,,,,,,Emotional connection ,Stanger things,"Engaging storyline or plot ,Relatable characters ,Stunning visual or graphic design ,Impactful messages or themes ",,Fairly recent (Released in the past 1-5 years) ,No ,,,,,"No, I have never engaged in collecting items.",,,,,,,,,,,Female, Student ,Other (please specify):,Mis papÃ¡s
2023-11-19 19:18,2023-11-19 19:22,IP Address,181.133.185.152,100,222,True,2023-11-19 19:22,R_p5Cv4E19ZJBgqBP,,,,,6.2529,-75.5646,anonymous,ES,"Yes, I consent",18 - 24,,"Video games ,Movie theatres",,,,,2,1,,,,"Emotional connection ,Variety of topics and content ,Visual appeal ,Interactivity ,Format preferences (e.g., interactivity in video games, portability in books, cinematic visuals in movies) ,Deeper storytelling ,Imagination and creativity ",Hereditary,"Engaging storyline or plot ,Relatable characters ,Stunning visual or graphic design ,Memorable moments or scenes ,Impactful messages or themes ,High-quality writing ",,Fairly recent (Released in the past 1-5 years) ,Yes ,"Clothing or apparel ,Collectible figures or merchandise ,Video games ",Strongly influence ,Personal connection to the IP ,Very frequently - Multiple times a month ,"No, I have never engaged in collecting items.",,,,,,,,,,,Male, Student ,"Single, living alone ",
2023-11-19 19:18,2023-11-19 19:25,IP Address,70.191.3.180,100,418,True,2023-11-19 19:25,R_3nVDGwvFridIUdJ,,,,,36.175,-115.1372,anonymous,EN,"Yes, I consent",25-34,,"TV shows/ Streaming services,Cartoons/Anime,Video games ,Movie theatres",,3,2,,1,4,,,,"Variety of topics and content ,Interactivity ,Imagination and creativity ,Intellectual stimulation ",Final Fantasy XV Royal Edition,"Engaging storyline or plot ,Stunning visual or graphic design ,Immersive gameplay (for video games) ,Memorable moments or scenes ,High-quality writing ",, Moderately old (Released more than 5 years ago) ,Yes ,"Clothing or apparel ,Collectible figures or merchandise ,Video games ,Comic books or graphic novels (related to the IP) ,Home decor/Posters ,Toys or action figures ,Board games/Trading card games ",Moderately influence ,"Connection to the IP's storyline or characters ,Collectible value ,Product quality or uniqueness  ,Promotions or discounts ",Occasionally - Once a month or a few times a year ,"Yes, I collect items casually from time to time.","Artwork (e.g., paintings, drawings) ,Action figures, toys or collectible merchandise ,Books, comics, or graphic novels ,DVDs, Blu-rays, or other media ,Digital Items (e.g., digital collectibles, in-game items, NFTs) "," Passion for the items or themes , Historical interest , Personal satisfaction ",," Purchase from retailers , Online marketplaces (e.g., eBay, Etsy, in-game Market) ",,Occasionally - Once a month or a few times a year , Price or affordability ,,I have a few items related to my favorite IP.,No,Male,Employed full-time ,Married with children ,
2023-11-19 19:30,2023-11-19 19:34,IP Address,190.9.245.130,100,263,True,2023-11-19 19:34,R_1owiiFGhV8Z3neF,,,,,6.2529,-75.5646,anonymous,ES,"Yes, I consent",18 - 24,,"TV shows/ Streaming services,Cartoons/Anime,Movie theatres,Books ",,2,1,,,3,4,,,"Variety of topics and content ,Visual appeal ,Format preferences (e.g., interactivity in video games, portability in books, cinematic visuals in movies) ",Alice in Borderland,"Engaging storyline or plot ,Stunning visual or graphic design ,Memorable moments or scenes ,Impactful messages or themes ,High-quality writing ",,Fairly recent (Released in the past 1-5 years) ,Yes ,"Clothing or apparel ,Collectible figures or merchandise ,Home decor/Posters ,Board games/Trading card games ",Strongly influence ,"Excitement or Happiness ,Connection to the IP's storyline or characters ,Proud to support the IP ,Love and loyalty for the IP ,Personal connection to the IP ",Occasionally - Once a month or a few times a year ,"Yes, I collect items casually from time to time.",Trading cards /Board games," Passion for the items or themes , Social or community involvement , Aesthetic appeal , Personal satisfaction ",," Purchase from retailers , Attend auctions or collectibles fairs , Trade or swap with other collectors ,Acquired through opportunities (e.g., unexpected finds, special events)",,Occasionally - Once a month or a few times a year , Emotional connection to the item ,,"No, I don't collect items or memorabilia related to my favorite IP.",No,Female, Student ,"Single, living alone ",
2023-11-19 19:37,2023-11-19 19:37,IP Address,200.118.60.211,100,19,True,2023-11-19 19:37,R_2pJn4ju2hlzKeci,,,,,4.6115,-74.0833,anonymous,ES,"Yes, I consent",Under 18,,,,,,,,,,,,,,,,,,,,,,,,,,,,,,,,,,,,
2023-11-20 8:29,2023-11-20 8:36,IP Address,191.95.24.15,100,451,True,2023-11-20 8:36,R_1LFI5QaDkM7hQov,,,,,11.0071,-74.8092,anonymous,ES,"Yes, I consent",18 - 24,,"Cartoons/Anime,Video games ,Movie theatres,Books ",,,2,,3,1,4,,,"Variety of topics and content ,Visual appeal ,Format preferences (e.g., interactivity in video games, portability in books, cinematic visuals in movies) ,Imagination and creativity ,Intellectual stimulation ",Full metal alchemists,"Engaging storyline or plot ,Stunning visual or graphic design ,Memorable moments or scenes ,Impactful messages or themes ",, Moderately old (Released more than 5 years ago) ,Yes ,"Clothing or apparel ,Home decor/Posters ",Moderately influence ,"Excitement or Happiness ,Connection to the IP's storyline or characters ,Personal connection to the IP ,Product quality or uniqueness  ",Occasionally - Once a month or a few times a year ,"No, I have never engaged in collecting items.",,,,,,,,,,,Male,Employed full-time ,Other (please specify):,"Soltero, vivo con mi mamÃ¡ y mi hermana"
2023-11-20 9:38,2023-11-20 9:43,IP Address,191.108.155.123,100,310,True,2023-11-20 9:43,R_1hGOrbPbVxlEZJF,,,,,8.7438,-75.8777,anonymous,ES,"Yes, I consent",35 - 44,,"TV shows/ Streaming services,Movie theatres",,,,,,,,,,"Emotional connection ,Visual appeal ,Imagination and creativity ",Gap the series,"Engaging storyline or plot ,Memorable moments or scenes ,Impactful messages or themes ",,Fairly recent (Released in the past 1-5 years) ,Yes ,"Clothing or apparel ,Collectible figures or merchandise ,Toys or action figures ",Moderately influence ,"Personal connection to the IP ,Promotions or discounts ",Occasionally - Once a month or a few times a year ,"Yes, I have collected items in the past.","Action figures, toys or collectible merchandise ,DVDs, Blu-rays, or other media ","Nostalgia , Personal satisfaction ",," Online marketplaces (e.g., eBay, Etsy, in-game Market) ",,Occasionally - Once a month or a few times a year , Price or affordability ,,I have a few items related to my favorite IP.,No,Female, Unemployed ,"In a relationship, living together ",
2023-11-20 9:39,2023-11-20 9:45,IP Address,191.108.155.123,100,393,True,2023-11-20 9:45,R_27VivNedEr03fa3,,,,,8.7438,-75.8777,anonymous,ES,"Yes, I consent",35 - 44,,"Movie theatres,Books ",,,,,,,,,,"Emotional connection ,Variety of topics and content ,Visual appeal ,Interactivity ",Criminal minds,"Engaging storyline or plot ,Relatable characters ,Stunning visual or graphic design ",, Moderately old (Released more than 5 years ago) ,Yes ,None of these ,,,,"Yes, I have collected items in the past.","Books, comics, or graphic novels ","Nostalgia , Passion for the items or themes , Personal satisfaction ",," Purchase from retailers ,Acquired through opportunities (e.g., unexpected finds, special events)",,Rarely - Once a year or less , Price or affordability ,,I have a few items related to my favorite IP.,No,Female,Employed full-time ,"In a relationship, living together ",
2023-11-20 12:27,2023-11-20 12:33,IP Address,24.212.237.147,100,340,True,2023-11-20 12:33,R_1pXW4ltJSawuKPA,,,,,43.6909,-79.3098,anonymous,EN,"Yes, I consent",35 - 44,,"Cartoons/Anime,Video games ,Movie theatres",,,2,,1,3,,,,"Interactivity ,Access to it ,Imagination and creativity ",Dota,"Immersive gameplay (for video games) ,Memorable moments or scenes ",, Moderately old (Released more than 5 years ago) ,Yes ,"Clothing or apparel ,Board games/Trading card games ",Do not influence ,Excitement or Happiness ,Rarely - Once a year or less ,"No, I have never engaged in collecting items.",,,,,,,,,,,Male, Unemployed ,Married ,
2023-11-20 14:35,2023-11-20 14:38,IP Address,167.0.54.249,100,181,True,2023-11-20 14:38,R_2AFFs0TXDRnsaof,,,,,7.1224,-73.1222,anonymous,ES,"Yes, I consent",25-34,,"TV shows/ Streaming services,Video games ,Movie theatres",,1,,,2,3,,,,"Emotional connection ,Visual appeal ,Imagination and creativity ",Game Of Thrones,"Stunning visual or graphic design ,Memorable moments or scenes ,High-quality writing ",, Moderately old (Released more than 5 years ago) ,Yes ,None of these ,,,,"No, I have never engaged in collecting items.",,,,,,,,,,,Male,Employed full-time ,"In a relationship, living together ",
2023-11-20 16:49,2023-11-20 16:52,IP Address,79.225.92.251,100,190,True,2023-11-20 16:52,R_1FRryPddIwJBbjf,,,,,49.4419,11.0797,anonymous,EN,"Yes, I consent",25-34,,"TV shows/ Streaming services,Movie theatres",,1,,,,2,,,,"Variety of topics and content ,Access to it ,Deeper storytelling ",Modern Family,"Engaging storyline or plot ,Relatable characters ,Brings joy or humor, makes me happy ",,Fairly recent (Released in the past 1-5 years) ,Not sure,None of these ,,,,"Yes, I have collected items in the past.",,,,,,,,,,,,,,
2023-11-20 17:04,2023-11-20 17:07,IP Address,181.235.31.162,100,211,True,2023-11-20 17:07,R_AFeSSJqjc6070VH,,,,,11.0071,-74.8092,anonymous,ES,"Yes, I consent",18 - 24,,"TV shows/ Streaming services,Movie theatres",,1,,,,2,,,,"Nostalgia ,Variety of topics and content ,Imagination and creativity ",El rey eterno monarca ,"Engaging storyline or plot ,Stunning visual or graphic design ,Nostalgia (Reminds you of your past or childhood) ",,Fairly recent (Released in the past 1-5 years) ,Not sure,None of these ,,,,"No, I have never engaged in collecting items.",,,,,,,,,,,Female, Student ,"Single, living alone ",
2023-11-20 17:05,2023-11-20 17:33,IP Address,191.156.47.150,100,1661,True,2023-11-20 17:33,R_2QxqXDzOBqaQWIQ,,,,,6.2529,-75.5646,anonymous,EN,"Yes, I consent",18 - 24,,"TV shows/ Streaming services,Movie theatres",,,,,,,,,,"Emotional connection ,Visual appeal ,Format preferences (e.g., interactivity in video games, portability in books, cinematic visuals in movies) ,Deeper storytelling ,Imagination and creativity ",Titanic,"Engaging storyline or plot ,Relatable characters ,Memorable moments or scenes ,Impactful messages or themes ",, Childhood favorite (I enjoyed it during my childhood) ,Yes ,"Clothing or apparel ,Collectible figures or merchandise ,Comic books or graphic novels (related to the IP) ,Toys or action figures ",Moderately influence ,"Excitement or Happiness ,Connection to the IP's storyline or characters ,Nostalgia ,Love and loyalty for the IP ,Product quality or uniqueness  ,Promotions or discounts ",Rarely - Once a year or less ,"Yes, I have collected items in the past.",,,,,,,,,,,,,,
2023-11-20 20:08,2023-11-20 20:13,IP Address,186.171.3.99,100,341,True,2023-11-20 20:13,R_10ooc80FDgyNays,,,,,6.2529,-75.5646,anonymous,ES,"Yes, I consent",25-34,,"TV shows/ Streaming services,Cartoons/Anime,Video games ,Movie theatres",,4,1,,2,3,,,,"Emotional connection ,Variety of topics and content ,Visual appeal ,Access to it ",Naruto,"Engaging storyline or plot ,Stunning visual or graphic design ,Memorable moments or scenes ,Nostalgia (Reminds you of your past or childhood) ,Brings joy or humor, makes me happy ",, Childhood favorite (I enjoyed it during my childhood) ,No ,,,,,"No, I have never engaged in collecting items.",,,,,,,,,,,Male,Employed full-time ,Other (please specify):,"Soltero, con madre y abuela "
2023-11-20 20:16,2023-11-20 20:25,IP Address,191.95.21.251,100,497,True,2023-11-20 20:25,R_rfnpoEHwtJEe7UB,,,,,11.0071,-74.8092,anonymous,ES,"Yes, I consent",18 - 24,,"Movie theatres,Books ",,,,,,2,1,,,"Deeper storytelling ,Imagination and creativity ",El principito,"Engaging storyline or plot ,Memorable moments or scenes ",, Childhood favorite (I enjoyed it during my childhood) ,Yes ,None of these ,,,,"No, I have never engaged in collecting items.",,,,,,,,,,,Female,Employed full-time ,Other (please specify):,Soltero/ vivo con mis papÃ¡s y mi hermana 
2023-11-21 10:33,2023-11-21 10:40,IP Address,209.171.85.34,100,437,True,2023-11-21 10:40,R_2SwcbZCi1ddXDDK,,,,,43.6982,-79.4072,qr,EN,"Yes, I consent",45 - 54,,TV shows/ Streaming services,,,,,,,,,,"Variety of topics and content ,Access to it ",Rick & Morty,"Engaging storyline or plot ,Relatable characters ,Stunning visual or graphic design ,Memorable moments or scenes ,High-quality writing ,Brings joy or humor, makes me happy ",, Moderately old (Released more than 5 years ago) ,No ,,,,,"Yes, I have collected items in the past.",,,,,,,,,,,,,,
2023-11-15 3:55,2023-11-15 3:57,IP Address,99.227.75.119,31,118,False,2023-11-22 3:57,R_3iCrI9b7PuP4c6k,,,,,,,anonymous,EN,"Yes, I consent",25-34,"Currently enrolled in a postgraduate program (e.g., Master's, Ph.D., MBA)","TV shows/ Streaming services,Cartoons/Anime,Comic books ,Movie theatres,Books ",,1,4,5,,2,3,,,Visual appeal ,Netflix ,"Relatable characters ,Brings joy or humor, makes me happy ",,,,,,,,,,,,,,,,,,,,,,
2023-11-15 10:57,2023-11-15 10:58,IP Address,190.121.137.10,19,46,False,2023-11-22 10:58,R_2qlpordV4LjeNRZ,,,,,,,anonymous,ES,"Yes, I consent",35 - 44,"Currently enrolled in a postgraduate program (e.g., Master's, Ph.D., MBA)",Movie theatres,,,,,,,,,,,,,,,,,,,,,,,,,,,,,,,,,,
2023-11-15 11:27,2023-11-15 11:33,IP Address,181.235.91.242,19,377,False,2023-11-22 11:33,R_3dT7E5NQqLL4HBl,,,,,,,anonymous,EN,"Yes, I consent",35 - 44,Completed a postgraduate degree,"TV shows/ Streaming services,Cartoons/Anime,Comic books ,Video games ,Movie theatres",,2,3,1,5,4,,,,,,,,,,,,,,,,,,,,,,,,,,,,
2023-11-22 12:18,2023-11-22 12:20,IP Address,199.119.233.248,100,122,True,2023-11-22 12:20,R_T2fKPHVq6zr3z0Z,,,,,43.7064,-79.5164,qr,EN,"Yes, I consent",25-34,"Currently enrolled or completed an undergraduate program (e.g., Bachelor's degree)","TV shows/ Streaming services,Movie theatres,Books ",,1,,,,3,2,,,"Nostalgia ,Visual appeal ,Imagination and creativity ,Intellectual stimulation ",Marielle Alonzo ,High-quality writing ,,Recent (Released in the past year) ,Yes ,"Clothing or apparel ,Board games/Trading card games ",Slightly influence ,Product quality or uniqueness  ,Rarely - Once a year or less ,"Yes, I am currently actively collecting items.","Books, comics, or graphic novels "," Social or community involvement , Peer influence or social validation ",," Online marketplaces (e.g., eBay, Etsy, in-game Market) ",,Occasionally - Once a month or a few times a year , Potential resale value ,,"I used to collect items related to my favorite IP, but not anymore.",Yes,Female, Student ,"Single, living alone ",
2023-11-15 14:50,2023-11-15 14:55,IP Address,181.58.39.216,27,320,False,2023-11-22 14:55,R_2P4DETFlMYXiloB,,,,,,,anonymous,ES,"Yes, I consent",25-34,"Currently enrolled in a postgraduate program (e.g., Master's, Ph.D., MBA)","TV shows/ Streaming services,Movie theatres,Books ,Other (please specify):","El entretenimiento puede estar tambiÃ©n referido a otras actividades, como visjes, caminatas, teatro.",1,,,,4,2,3,,"Variety of topics and content ,Format preferences (e.g., interactivity in video games, portability in books, cinematic visuals in movies) ,Intellectual stimulation ",Naruto,,,,,,,,,,,,,,,,,,,,,,,
2023-11-15 17:18,2023-11-15 17:20,IP Address,179.19.223.193,27,107,False,2023-11-22 17:20,R_3siDftODQsiTYR1,,,,,,,anonymous,ES,"Yes, I consent",45 - 54,"Currently enrolled or completed an undergraduate program (e.g., Bachelor's degree)","Movie theatres,Other (please specify):",Google ,,,,,1,,2,,"Emotional connection ,Deeper storytelling ,Intellectual stimulation ",Evangelion ,,,,,,,,,,,,,,,,,,,,,,,
2023-11-22 20:30,2023-11-22 20:35,IP Address,191.95.19.6,100,296,True,2023-11-22 20:35,R_33vUtFbgQbHVipU,,,,,10.4013,-75.5267,anonymous,ES,"Yes, I consent",25-34,Completed a postgraduate degree,"Movie theatres,Books ",,,,,,2,1,,,"Emotional connection ,Variety of topics and content ,Imagination and creativity ",Una corte de niebla y furia,"Memorable moments or scenes ,High-quality writing ",,Fairly recent (Released in the past 1-5 years) ,Yes ,"Clothing or apparel ,Makeup or beauty products ",Moderately influence ,"Excitement or Happiness ,Nostalgia ,Product quality or uniqueness  ,Promotions or discounts ",Occasionally - Once a month or a few times a year ,"No, I have never engaged in collecting items.",,,,,,,,,,,Female, Self-employed ,"Single, living alone ",
2023-11-23 7:49,2023-11-23 7:53,IP Address,24.114.54.96,100,224,True,2023-11-23 7:53,R_2aX3jSK9l2w2reF,,,,,43.715,-79.4105,qr,EN,"Yes, I consent",18 - 24,"Currently enrolled or completed an undergraduate program (e.g., Bachelor's degree)","TV shows/ Streaming services,Video games ",,2,,,1,,,,,"Nostalgia ,Visual appeal ,Interactivity ,Access to it ,Format preferences (e.g., interactivity in video games, portability in books, cinematic visuals in movies) ,Deeper storytelling ,Imagination and creativity ,Intellectual stimulation ",Call of Duty,"Engaging storyline or plot ,Relatable characters ,Stunning visual or graphic design ,Immersive gameplay (for video games) ,Memorable moments or scenes ,Brings joy or humor, makes me happy ",, Childhood favorite (I enjoyed it during my childhood) ,Yes ,Video games ,Moderately influence ,"Excitement or Happiness ,Connection to the IP's storyline or characters ,Nostalgia ,Personal connection to the IP ,Promotions or discounts ",Occasionally - Once a month or a few times a year ,"Yes, I collect items casually from time to time.","Digital Items (e.g., digital collectibles, in-game items, NFTs) ,Trading cards /Board games","Nostalgia , Passion for the items or themes , Social or community involvement , Aesthetic appeal , Personal satisfaction ",," Purchase from retailers , Trade or swap with other collectors ",,Rarely - Once a year or less , Emotional connection to the item ,,"Yes, I have a collection of items related to my favorite IP.",No,Male, Student ,Other (please specify):,"Single, with roommates "
2023-11-16 12:53,2023-11-16 12:55,IP Address,191.156.33.199,23,135,False,2023-11-23 12:55,R_1KpdTa7vTKJX69u,,,,,,,anonymous,ES,"Yes, I consent",35 - 44,,"Cartoons/Anime,Books ",,,1,,,,2,,,"Access to it ,Intellectual stimulation ",Bartolito el gallo ,,,,,,,,,,,,,,,,,,,,,,,
2023-11-16 13:31,2023-11-16 13:31,IP Address,161.10.87.97,8,10,False,2023-11-23 13:31,R_wLxoeZBeazizapz,,,,,,,anonymous,ES,"Yes, I consent",35 - 44,,,,,,,,,,,,,,,,,,,,,,,,,,,,,,,,,,,,
2023-11-23 15:08,2023-11-23 15:11,IP Address,199.7.157.83,100,186,True,2023-11-23 15:11,R_2ckDxzNRRTwNmjL,,,,,43.7064,-79.5164,qr,EN,"Yes, I consent",25-34,"Currently enrolled in a postgraduate program (e.g., Master's, Ph.D., MBA)","TV shows/ Streaming services,Cartoons/Anime,Movie theatres",,2,3,,,1,,,,"Emotional connection ,Nostalgia ,Variety of topics and content ,Interactivity ,Imagination and creativity ",Friends,"Memorable moments or scenes ,Impactful messages or themes ,Nostalgia (Reminds you of your past or childhood) ,Brings joy or humor, makes me happy ",, Moderately old (Released more than 5 years ago) ,Yes ,"Clothing or apparel ,Collectible figures or merchandise ,Home decor/Posters ",Moderately influence ,"Excitement or Happiness ,Nostalgia ,Love and loyalty for the IP ,Collectible value ,Personal connection to the IP ",Rarely - Once a year or less ,"No, I have never engaged in collecting items.",,,,,,,,,,,Female, Employed part-time ,Married ,
2023-11-17 13:07,2023-11-17 13:09,IP Address,199.7.156.246,38,113,False,2023-11-24 13:09,R_29h5tblaVej20VZ,,,,,,,qr,EN,"Yes, I consent",18 - 24,,"Cartoons/Anime,Movie theatres",,,1,,,2,,,,"Emotional connection ,Visual appeal ,Format preferences (e.g., interactivity in video games, portability in books, cinematic visuals in movies) ,Deeper storytelling ,Intellectual stimulation ",One Piece ,"Engaging storyline or plot ,High-quality writing ",, Childhood favorite (I enjoyed it during my childhood) ,Not sure,,,,,,,,,,,,,,,,,,,
2023-11-17 14:10,2023-11-17 14:11,IP Address,208.98.222.73,19,65,False,2023-11-24 14:11,R_1M3A2LczLskpRpC,,,,,,,qr,EN,"Yes, I consent",18 - 24,,"TV shows/ Streaming services,Video games ,Movie theatres",,,,,,,,,,"Emotional connection ,Interactivity ,Format preferences (e.g., interactivity in video games, portability in books, cinematic visuals in movies) ,Deeper storytelling ",,,,,,,,,,,,,,,,,,,,,,,,
2023-11-17 14:48,2023-11-17 14:48,IP Address,190.147.185.43,8,12,False,2023-11-24 14:48,R_4MKnJLv7fBJ9Hfb,,,,,,,anonymous,ES,"Yes, I consent",35 - 44,,,,,,,,,,,,,,,,,,,,,,,,,,,,,,,,,,,,
2023-11-17 15:08,2023-11-17 15:10,IP Address,190.27.1.41,23,132,False,2023-11-24 15:10,R_3htLjDaH5oYTXXg,,,,,,,anonymous,ES,"Yes, I consent",25-34,,Cartoons/Anime,,,,,,,,,,"Emotional connection ,Nostalgia ,Variety of topics and content ,Visual appeal ,Imagination and creativity ",No sÃ© ,,,,,,,,,,,,,,,,,,,,,,,
2023-11-17 15:24,2023-11-17 15:25,IP Address,209.171.85.248,8,8,False,2023-11-24 15:25,R_8dANooZAOtwzoCB,,,,,,,qr,EN,"Yes, I consent",18 - 24,,,,,,,,,,,,,,,,,,,,,,,,,,,,,,,,,,,,
2023-11-17 15:35,2023-11-17 15:37,IP Address,199.212.27.245,42,145,False,2023-11-24 15:37,R_28HEej9eCsUqubr,,,,,,,qr,EN,"Yes, I consent",18 - 24,,TV shows/ Streaming services,,,,,,,,,,Deeper storytelling ,All of us are dead,Relatable characters ,,Recent (Released in the past year) ,Yes ,Makeup or beauty products ,,,,,,,,,,,,,,,,,,
2023-11-17 13:43,2023-11-17 15:54,IP Address,191.156.253.21,19,7882,False,2023-11-24 15:54,R_124KeFZGEnEwm1y,,,,,,,anonymous,ES,"Yes, I consent",35 - 44,,"TV shows/ Streaming services,Movie theatres",,2,,,,1,,,,"Visual appeal ,Access to it ",,,,,,,,,,,,,,,,,,,,,,,,
2023-11-17 16:27,2023-11-17 16:27,IP Address,69.158.246.41,4,5,False,2023-11-24 16:27,R_29j4dviUv93pQ3h,,,,,,,qr,EN,"Yes, I consent",,,,,,,,,,,,,,,,,,,,,,,,,,,,,,,,,,,,,
2023-11-17 17:00,2023-11-17 17:03,IP Address,186.102.116.108,46,153,False,2023-11-24 17:03,R_OdMkmLNK5ic7QWt,,,,,,,anonymous,EN,"Yes, I consent",25-34,,Other (please specify):,Scientology,,,,,,,,,Interactivity ,Joe,"Impactful messages or themes ,High-quality writing ",,Recent (Released in the past year) ,Yes ,Clothing or apparel ,Moderately influence ,,,,,,,,,,,,,,,,,
2023-11-17 18:20,2023-11-17 18:21,IP Address,199.119.233.228,8,24,False,2023-11-24 18:21,R_3nftzIfuvyfR3l3,,,,,,,qr,EN,"Yes, I consent",25-34,,,,,,,,,,,,,,,,,,,,,,,,,,,,,,,,,,,,
2023-11-17 22:04,2023-11-17 22:07,IP Address,209.171.88.128,27,156,False,2023-11-24 22:07,R_1qUMVMnqskqGov1,,,,,,,qr,EN,"Yes, I consent",18 - 24,,"Cartoons/Anime,Video games ",,,2,,1,,,,,Imagination and creativity ,Call of duty,"Stunning visual or graphic design ,Immersive gameplay (for video games) ,Brings joy or humor, makes me happy ",,,,,,,,,,,,,,,,,,,,,,
2023-11-18 0:18,2023-11-18 0:19,IP Address,24.114.60.240,8,32,False,2023-11-25 0:19,R_290lSdIJFvHLPQD,,,,,,,qr,EN,"Yes, I consent",18 - 24,,,,,,,,,,,,,,,,,,,,,,,,,,,,,,,,,,,,
2023-11-18 11:35,2023-11-18 11:35,IP Address,199.7.156.238,19,28,False,2023-11-25 11:35,R_3MaDRys5h2tsu0K,,,,,,,qr,EN,"Yes, I consent",18 - 24,,Movie theatres,,,,,,,,,,Access to it ,,,,,,,,,,,,,,,,,,,,,,,,
2023-11-18 11:59,2023-11-18 12:00,IP Address,199.212.27.245,8,22,False,2023-11-25 12:00,R_wNP8QLr6UzLvAyt,,,,,,,qr,EN,"Yes, I consent",35 - 44,,,,,,,,,,,,,,,,,,,,,,,,,,,,,,,,,,,,
2023-11-18 12:22,2023-11-18 12:22,IP Address,179.19.149.73,15,22,False,2023-11-25 12:22,R_tJqQpoChY7m7o5z,,,,,,,anonymous,ES,"Yes, I consent",25-34,,Cartoons/Anime,,,,,,,,,,,,,,,,,,,,,,,,,,,,,,,,,,
2023-11-18 13:29,2023-11-19 9:23,IP Address,142.126.97.2,4,71634,False,2023-11-26 9:23,R_2WZRqAQxcug6lkw,,,,,,,qr,EN,"Yes, I consent",,,,,,,,,,,,,,,,,,,,,,,,,,,,,,,,,,,,,
2023-11-19 18:41,2023-11-19 18:42,IP Address,190.9.248.16,19,50,False,2023-11-26 18:42,R_ZpLnwVhH6vjmCKB,,,,,,,anonymous,EN,"Yes, I consent",18 - 24,,"TV shows/ Streaming services,Books ",,,,,,,,,,"Variety of topics and content ,Interactivity ,Format preferences (e.g., interactivity in video games, portability in books, cinematic visuals in movies) ,Imagination and creativity ",,,,,,,,,,,,,,,,,,,,,,,,
2023-11-19 18:46,2023-11-19 18:48,IP Address,191.156.45.131,23,112,False,2023-11-26 18:48,R_2R2JuUv8bbqKpVH,,,,,,,anonymous,EN,"Yes, I consent",18 - 24,,TV shows/ Streaming services,,,,,,,,,,"Emotional connection ,Variety of topics and content ",how i met your mother ,,,,,,,,,,,,,,,,,,,,,,,
2023-11-19 19:16,2023-11-19 19:16,IP Address,186.119.1.166,4,6,False,2023-11-26 19:16,R_1pxKTgS4fmlrPrn,,,,,,,anonymous,EN,"Yes, I consent",,,,,,,,,,,,,,,,,,,,,,,,,,,,,,,,,,,,,
2023-11-19 19:33,2023-11-19 19:34,IP Address,191.95.23.78,19,67,False,2023-11-26 19:35,R_z2sOUfjUSPU80h3,,,,,,,anonymous,ES,"Yes, I consent",18 - 24,,TV shows/ Streaming services,,,,,,,,,,Variety of topics and content ,,,,,,,,,,,,,,,,,,,,,,,,
2023-11-19 19:52,2023-11-19 20:03,IP Address,191.156.250.237,54,628,False,2023-11-26 20:03,R_3G7zCQH6hBoKeJU,,,,,,,anonymous,ES,"Yes, I consent",18 - 24,,"Cartoons/Anime,Video games ",,,2,,1,,,,,"Interactivity ,Format preferences (e.g., interactivity in video games, portability in books, cinematic visuals in movies) ,Intellectual stimulation ",League Of Legends,"Stunning visual or graphic design ,Memorable moments or scenes ,Impactful messages or themes ",,Fairly recent (Released in the past 1-5 years) ,Yes ,Video games ,Slightly influence ,"Excitement or Happiness ,Love and loyalty for the IP ,Collectible value ,Promotions or discounts ",Occasionally - Once a month or a few times a year ,,,,,,,,,,,,,,,
2023-11-19 20:09,2023-11-19 20:10,IP Address,190.9.245.130,19,95,False,2023-11-26 20:10,R_270Sv3TIubQERJz,,,,,,,anonymous,ES,"Yes, I consent",18 - 24,,"TV shows/ Streaming services,Movie theatres",,2,,,,1,,,,Visual appeal ,,,,,,,,,,,,,,,,,,,,,,,,
2023-11-19 23:21,2023-11-19 23:22,IP Address,24.114.52.78,4,37,False,2023-11-26 23:22,R_SODqZQ0IMfUWx0J,,,,,,,qr,EN,"Yes, I consent",,,,,,,,,,,,,,,,,,,,,,,,,,,,,,,,,,,,,
2023-11-20 9:51,2023-11-20 9:51,IP Address,199.7.157.21,15,34,False,2023-11-27 9:51,R_QmFF7gPqdr9mgLv,,,,,,,qr,EN,"Yes, I consent",18 - 24,,Video games ,,,,,,,,,,,,,,,,,,,,,,,,,,,,,,,,,,
2023-11-20 9:51,2023-11-20 9:53,IP Address,199.212.27.245,42,160,False,2023-11-27 9:53,R_2blVEIL5ZqifOY9,,,,,,,qr,EN,"Yes, I consent",18 - 24,,"TV shows/ Streaming services,Cartoons/Anime,Movie theatres",,2,1,,,3,,,,"Visual appeal ,Imagination and creativity ",Black clover,Impactful messages or themes ,,Fairly recent (Released in the past 1-5 years) ,Yes ,Clothing or apparel ,,,,,,,,,,,,,,,,,,
2023-11-20 15:16,2023-11-20 15:17,IP Address,24.114.56.26,19,56,False,2023-11-27 15:47,R_10PqbouOgjfqBDT,,,,,,,qr,EN,"Yes, I consent",18 - 24,,"TV shows/ Streaming services,Movie theatres",,,,,,,,,,"Emotional connection ,Variety of topics and content ,Visual appeal ,Interactivity ,Format preferences (e.g., interactivity in video games, portability in books, cinematic visuals in movies) ,Deeper storytelling ,Imagination and creativity ",,,,,,,,,,,,,,,,,,,,,,,,
2023-11-20 16:23,2023-11-20 16:23,IP Address,199.212.27.245,4,10,False,2023-11-27 16:36,R_qR5qRtLivuteIuJ,,,,,,,qr,ES,"Yes, I consent",,,,,,,,,,,,,,,,,,,,,,,,,,,,,,,,,,,,,
2023-11-20 17:19,2023-11-20 17:19,IP Address,72.143.204.168,8,12,False,2023-11-27 17:20,R_3NR2QPMzIUopxFh,,,,,,,qr,EN,"Yes, I consent",18 - 24,,,,,,,,,,,,,,,,,,,,,,,,,,,,,,,,,,,,
2023-11-20 17:53,2023-11-20 17:56,IP Address,199.119.233.221,58,147,False,2023-11-27 17:56,R_1f10pPrxPlQ50or,,,,,,,qr,EN,"Yes, I consent",18 - 24,,Cartoons/Anime,,,,,,,,,,"Emotional connection ,Variety of topics and content ,Visual appeal ,Access to it ,Format preferences (e.g., interactivity in video games, portability in books, cinematic visuals in movies) ,Deeper storytelling ",One piece ,"Engaging storyline or plot ,Stunning visual or graphic design ,Memorable moments or scenes ,High-quality writing ,Brings joy or humor, makes me happy ",, Childhood favorite (I enjoyed it during my childhood) ,No ,,,,,,,,,,,,,,,,,,,
2023-11-20 22:29,2023-11-20 22:29,IP Address,184.151.190.226,12,22,False,2023-11-27 22:29,R_3ffooY3Z6oTRijX,,,,,,,qr,EN,"Yes, I consent",18 - 24,,"Cartoons/Anime,Books ",,,,,,,,,,,,,,,,,,,,,,,,,,,,,,,,,,
2023-11-22 9:47,2023-11-22 9:48,IP Address,24.114.78.130,8,23,False,2023-11-28 9:26,R_uaHh6wgVNZL81Ut,,,,,,,qr,EN,"Yes, I consent",35 - 44,,,,,,,,,,,,,,,,,,,,,,,,,,,,,,,,,,,,
2023-11-23 11:57,2023-11-23 11:58,IP Address,184.151.190.5,4,72,False,2023-11-28 9:26,R_VU7ECrXQ3fCPaUx,,,,,,,qr,EN,"Yes, I consent",,,,,,,,,,,,,,,,,,,,,,,,,,,,,,,,,,,,,
2023-11-22 9:06,2023-11-22 9:06,IP Address,24.114.56.180,8,26,False,2023-11-28 9:26,R_2fGKCX3cuRdSb9U,,,,,,,qr,EN,"Yes, I consent",18 - 24,,,,,,,,,,,,,,,,,,,,,,,,,,,,,,,,,,,,
2023-11-21 11:43,2023-11-21 11:44,IP Address,199.119.233.205,19,62,False,2023-11-28 9:26,R_23dFBgsFhyFYX5n,,,,,,,qr,EN,"Yes, I consent",18 - 24,,"TV shows/ Streaming services,Comic books ,Movie theatres,Books ",,1,,2,,3,4,,,"Emotional connection ,Variety of topics and content ,Interactivity ,Imagination and creativity ",,,,,,,,,,,,,,,,,,,,,,,,
2023-11-23 21:53,2023-11-23 21:54,IP Address,104.28.55.20,19,57,False,2023-11-28 9:26,R_3soCb7fLGsHfRDV,,,,,,,qr,EN,"Yes, I consent",18 - 24,"Currently enrolled in a postgraduate program (e.g., Master's, Ph.D., MBA)","Video games ,Books ",,,,,2,,1,,,,,,,,,,,,,,,,,,,,,,,,,,,
2023-11-24 22:47,2023-11-24 22:47,IP Address,199.7.156.236,4,6,False,2023-11-28 9:26,R_1HkRPMTfFpQQQcq,,,,,,,qr,EN,"Yes, I consent",,,,,,,,,,,,,,,,,,,,,,,,,,,,,,,,,,,,,
2023-11-21 12:44,2023-11-21 12:44,IP Address,72.143.205.130,8,17,False,2023-11-28 9:26,R_2e9JWbbeYNHKKY9,,,,,,,qr,EN,"Yes, I consent",25-34,,,,,,,,,,,,,,,,,,,,,,,,,,,,,,,,,,,,
2023-11-22 11:01,2023-11-22 11:01,IP Address,199.119.233.161,7,21,False,2023-11-28 9:26,R_2DNZwGstq1qft5P,,,,,,,qr,EN,"Yes, I consent",18 - 24,,,,,,,,,,,,,,,,,,,,,,,,,,,,,,,,,,,,
2023-11-22 15:50,2023-11-22 16:00,IP Address,24.114.51.144,96,582,False,2023-11-28 9:26,R_1JCUmW7t0I47vmK,,,,,,,qr,EN,"Yes, I consent",18 - 24,"Currently enrolled or completed an undergraduate program (e.g., Bachelor's degree)","TV shows/ Streaming services,Cartoons/Anime,Video games ",,3,1,,2,,,,,"Visual appeal ,Interactivity ,Access to it ",Apex legends,"Stunning visual or graphic design ,Immersive gameplay (for video games) ",,Fairly recent (Released in the past 1-5 years) ,Yes ,Video games ,Moderately influence ,"Product quality or uniqueness  ,Promotions or discounts ",Rarely - Once a year or less ,"Yes, I have collected items in the past.","DVDs, Blu-rays, or other media "," Aesthetic appeal , Personal satisfaction ",, Purchase from retailers ,,Rarely - Once a year or less , Price or affordability ,,"No, I don't collect items or memorabilia related to my favorite IP.",No,Male, Employed part-time ,,
2023-11-24 9:46,2023-11-24 9:46,IP Address,199.119.233.230,7,13,False,2023-11-28 9:26,R_3kOm4jhFyTH9tW2,,,,,,,qr,EN,"Yes, I consent",18 - 24,,,,,,,,,,,,,,,,,,,,,,,,,,,,,,,,,,,,
2023-11-21 10:52,2023-11-21 10:53,IP Address,24.114.57.31,8,40,False,2023-11-28 9:26,R_9Lkza8T3kpmMcNP,,,,,,,qr,EN,"Yes, I consent",18 - 24,,,,,,,,,,,,,,,,,,,,,,,,,,,,,,,,,,,,
2023-11-24 11:48,2023-11-24 11:51,IP Address,72.143.207.34,15,142,False,2023-11-28 9:26,R_XueBvNfssszOq41,,,,,,,qr,EN,"Yes, I consent",25-34,"Currently enrolled in a postgraduate program (e.g., Master's, Ph.D., MBA)","TV shows/ Streaming services,Video games ,Movie theatres,Books ",,,,,,,,,,,,,,,,,,,,,,,,,,,,,,,,,,
2023-11-24 15:35,2023-11-24 15:55,IP Address,24.114.59.129,15,1186,False,2023-11-28 9:26,R_3gYhkdmaHuSCyCm,,,,,,,qr,EN,"Yes, I consent",Under 18,High school graduate or below,"TV shows/ Streaming services,Cartoons/Anime,Comic books ,Video games ,Books ",,,,,,,,,,,,,,,,,,,,,,,,,,,,,,,,,,
2023-11-23 19:59,2023-11-23 22:45,IP Address,69.158.246.129,19,10005,False,2023-11-28 9:26,R_21iG8Um8xKBzRqt,,,,,,,qr,EN,"Yes, I consent",18 - 24,"Currently enrolled in a postgraduate program (e.g., Master's, Ph.D., MBA)","TV shows/ Streaming services,Movie theatres",,2,,,,1,,,,,,,,,,,,,,,,,,,,,,,,,,,,
2023-11-25 9:21,2023-11-25 9:22,IP Address,142.181.238.117,15,45,False,2023-11-28 9:26,R_2WxxSWrc5vSSD17,,,,,,,qr,EN,"Yes, I consent",35 - 44,"Currently enrolled or completed an undergraduate program (e.g., Bachelor's degree)","TV shows/ Streaming services,Video games ,Movie theatres,Books ",,,,,,,,,,,,,,,,,,,,,,,,,,,,,,,,,,
2023-11-24 20:20,2023-11-24 20:20,IP Address,199.119.233.193,7,24,False,2023-11-28 9:26,R_28B42TQyrHuoRvj,,,,,,,qr,EN,"Yes, I consent",25-34,,,,,,,,,,,,,,,,,,,,,,,,,,,,,,,,,,,,
2023-11-27 9:56,2023-11-27 9:56,IP Address,209.171.85.142,26,55,False,2023-11-28 9:26,R_3NwI0iSDIZY4UAj,,,,,,,qr,EN,"Yes, I consent",18 - 24,"Currently enrolled or completed an undergraduate program (e.g., Bachelor's degree)","TV shows/ Streaming services,Movie theatres,Books ",,1,,,,3,2,,,"Emotional connection ,Access to it ,Imagination and creativity ",good girls,,,,,,,,,,,,,,,,,,,,,,,
2023-11-27 9:47,2023-11-27 9:47,IP Address,199.212.27.245,4,10,False,2023-11-28 9:26,R_3edXi7y51pw3Bhy,,,,,,,qr,EN,"Yes, I consent",,,,,,,,,,,,,,,,,,,,,,,,,,,,,,,,,,,,,
2023-11-27 12:57,2023-11-27 13:02,IP Address,74.198.131.130,56,296,False,2023-11-28 9:26,R_1IDSPRSufyvD4Ci,,,,,,,qr,EN,"Yes, I consent",45 - 54,"Currently enrolled in a postgraduate program (e.g., Master's, Ph.D., MBA)",Books ,,,,,,,,,,"Variety of topics and content ,Interactivity ,Intellectual stimulation ",Illuminati,"Engaging storyline or plot ,High-quality writing ",, Moderately old (Released more than 5 years ago) ,No ,,,,,,,,,,,,,,,,,,,
